fill_id,order_id,market_ticker,side,action,quantity,price,yes_price,no_price,total_cost,fee,net_cost,created_time,asset,is_taker
c46b64bd-5f82-7df5-4d12-e442be76f5cf,55269b87-d239-4c76-ba26-9570d369496f,KXETH15M-26JUL031330-30,YES,buy,1.0,0.59,0.59,0.41,0.59,0.017,0.607,2026-07-03T17:27:10.573909Z,,True
39af7a09-2487-7d95-29de-190b12853d27,1148d4c2-1123-4e8e-a0bc-ec6574234f7a,KXBTC15M-26JUL031330-30,YES,buy,1.0,0.19,0.19,0.81,0.19,0.0108,0.2008,2026-07-03T17:27:09.712761Z,,True
4754cd3a-f758-65cf-60fd-2713880d479b,b855f103-5a78-49b4-bab6-f9d1634d4f15,KXDOGE15M-26JUL031145-45,YES,buy,1.0,0.58,0.58,0.42,0.58,0.0171,0.5971,2026-07-03T15:39:42.981089Z,,True
ff973dcf-aec0-421e-4f28-a72ce73f5b5a,4566bb9e-87cb-4376-b1ff-19a908e75e5c,KXXRP15M-26JUL030700-00,YES,buy,1.0,0.64,0.64,0.36,0.64,0.0162,0.6562,2026-07-03T10:48:18.013001Z,,True
8d085a2e-3941-5fdf-73f4-be429d79e182,21cfef14-5ba5-46d8-b144-5bea63d3657d,KXSOL15M-26JUL030430-30,YES,buy,1.0,0.4,0.4,0.6,0.4,0.0168,0.4168,2026-07-03T08:22:13.874004Z,,True
8a0a2038-4feb-6da6-79f7-393ae4e1f64f,49994a2e-190b-4b4d-b537-5429c7828c60,KXETH15M-26JUL030430-30,YES,buy,1.0,0.34,0.34,0.66,0.34,0.0158,0.3558,2026-07-03T08:21:54.71644Z,,True
5c595b44-26cc-6e73-8d6f-be5b9f695680,4507d736-aadc-4858-8953-44ed86b375d8,KXSOL15M-26JUL030415-15,YES,buy,1.0,0.65,0.65,0.35,0.65,0.016,0.666,2026-07-03T08:02:04.295189Z,,True
3751ac81-7b30-728a-a80f-dba351f663d1,2df56b0f-1297-4ca0-8f9d-a10a0cf763b6,KXXRP15M-26JUL030415-15,YES,buy,1.0,0.58,0.58,0.42,0.58,0.0171,0.5971,2026-07-03T08:01:53.011365Z,,True
31eec093-a1b1-7378-40da-c3fb360d3d8b,1732ed0d-1b47-4df7-b21c-da5c3c0a1ba7,KXETH15M-26JUL030415-15,YES,buy,1.0,0.57,0.57,0.43,0.57,0.0172,0.5871999999999999,2026-07-03T08:01:52.394252Z,,True
7a243227-c05a-62e2-43a5-24134f3b3a18,4ee491e9-e0b6-48c0-b038-9b47b760d4af,KXBTC15M-26JUL030415-15,YES,buy,1.0,0.62,0.62,0.38,0.62,0.0165,0.6365,2026-07-03T08:01:37.514914Z,,True
e1d01c54-3906-54ac-5377-a6e4a16ff03c,ce907780-4391-44e1-ba23-83a139fe197a,KXDOGE15M-26JUL030400-00,YES,buy,1.0,0.61,0.61,0.39,0.61,0.0167,0.6267,2026-07-03T07:53:16.933015Z,,True
bf56a087-65e2-7904-cecd-84b4080fda04,1e43fc01-b120-4f72-9ab5-92b348e7b399,KXBTC15M-26JUL030400-00,YES,buy,1.0,0.6,0.6,0.4,0.6,0.0168,0.6168,2026-07-03T07:51:37.064078Z,,True
2716b45c-0d4a-737a-b13a-09c955939cb7,83eba467-01bc-4f54-8a80-e8c64877b68f,KXXRP15M-26JUL030400-00,YES,buy,1.0,0.51,0.51,0.49,0.51,0.0175,0.5275,2026-07-03T07:48:16.755252Z,,True
9fa38ec9-198c-4af1-8a96-7236d6aeaeac,408a5c72-cc07-4150-8d1a-b0a91756d63b,KXXRP15M-26JUL030400-00,YES,buy,1.0,0.53,0.53,0.47,0.53,0.0175,0.5475,2026-07-03T07:47:31.780017Z,,True
7773a4e8-c0e2-6c14-f6c4-fac672b2c873,f83a5c34-63bf-48a2-9886-f34ef9191a51,KXBTC15M-26JUL030400-00,YES,buy,1.0,0.55,0.55,0.45,0.55,0.0174,0.5674,2026-07-03T07:46:41.704968Z,,True
50954075-94ce-7c2a-f5af-884bf01ac67b,70b06fb3-8e74-4e09-9905-8ea10866123c,KXSOL15M-26JUL030400-00,YES,buy,1.0,0.52,0.52,0.48,0.52,0.0175,0.5375,2026-07-03T07:46:27.680635Z,,True
9a0f4822-b4e5-4e8b-c44e-391a3f74041d,4e0f9928-a999-4185-970d-81ba55dc81b8,KXETH15M-26JUL030400-00,YES,buy,1.0,0.56,0.56,0.44,0.56,0.0173,0.5773,2026-07-03T07:46:27.115725Z,,True
ee401e16-3875-63db-d3ff-752c39e35638,b62c0eea-8011-4b4b-9da1-130ab16bb4f6,KXDOGE15M-26JUL030345-45,YES,buy,1.0,0.59,0.59,0.41,0.59,0.017,0.607,2026-07-03T07:38:26.284578Z,,True
604f6a53-2a6f-6fd5-6917-0fb4d5839e5d,cd6b93bc-4f7c-4947-b750-81be15e2813d,KXDOGE15M-26JUL030345-45,YES,buy,1.0,0.54,0.54,0.46,0.54,0.0174,0.5574,2026-07-03T07:34:11.377711Z,,True
f134bc2e-152b-74e6-471d-d88380c925de,a932a1d7-4352-4e47-b114-d5efc2a9ccd3,KXXRP15M-26JUL030345-45,YES,buy,1.0,0.5,0.5,0.5,0.5,0.0175,0.5175,2026-07-03T07:34:06.1282Z,,True
20b8ee1a-b33f-72b5-6fd0-6bc8ec758601,9f1c8357-a0f8-4c46-bbff-4422eac75753,KXSOL15M-26JUL030345-45,YES,buy,1.0,0.62,0.62,0.38,0.62,0.0165,0.6365,2026-07-03T07:33:56.292891Z,,True
bb359455-0638-79dd-91ac-f7620dbc6605,1ee68099-0240-4d59-8863-79b1ef10ff36,KXETH15M-26JUL030345-45,YES,buy,1.0,0.6,0.6,0.4,0.6,0.0168,0.6168,2026-07-03T07:33:16.276431Z,,True
300232df-5e6b-502c-0ef1-fc975bf0ce83,a7066ee1-2b48-4673-a5ca-6501f24634a7,KXSOL15M-26JUL030330-30,YES,buy,1.0,0.62,0.62,0.38,0.62,0.0165,0.6365,2026-07-03T07:16:16.936872Z,,True
87affcd0-d6d1-6952-2ce1-dd960b36b406,bb132a2e-66b2-4a60-a8be-212987b424e2,KXBTC15M-26JUL030330-30,YES,buy,1.0,0.62,0.62,0.38,0.62,0.0165,0.6365,2026-07-03T07:16:11.835799Z,,True
80759494-2a30-6e6f-f08b-a0c743c0702c,bafc8677-12ec-4a48-9b47-1840ae5bb9d5,KXETH15M-26JUL030330-30,YES,buy,1.0,0.6,0.6,0.4,0.6,0.0168,0.6168,2026-07-03T07:16:01.774473Z,,True
d5d6918b-3182-45d7-6cdf-23e428e30d35,991525c1-81a6-43f7-bfdf-ef1b8463a51f,KXSOL15M-26JUL030315-15,YES,buy,1.0,0.48,0.48,0.52,0.48,0.0175,0.4975,2026-07-03T07:08:51.455055Z,,True
57bb29f0-1539-67b9-4b41-2bd5edc2b775,38454336-f66a-4a1c-b5a3-9a1f63d198c3,KXDOGE15M-26JUL030315-15,YES,buy,1.0,0.57,0.57,0.43,0.57,0.0172,0.5871999999999999,2026-07-03T07:08:27.432179Z,,True
8ac769d0-ef3b-4d16-a337-a7875fdfc578,cff42adf-7ae2-438e-8f56-6923f8aeeb58,KXXRP15M-26JUL030315-15,YES,buy,1.0,0.21,0.21,0.79,0.21,0.0117,0.22169999999999998,2026-07-03T07:06:44.960096Z,,True
faf344d4-1f94-4e86-07ed-3e1a89e4ae8f,2ea5e948-dc09-40f9-abdf-f0f4bdac1a07,KXBTC15M-26JUL030315-15,YES,buy,1.0,0.3,0.3,0.7,0.3,0.0147,0.3147,2026-07-03T07:06:34.279009Z,,True
06e0473a-7a75-51e6-d31e-8578756fa02d,c24ed33a-b255-4622-9395-94141ac50568,KXETH15M-26JUL030315-15,YES,buy,1.0,0.24,0.24,0.76,0.24,0.0128,0.25279999999999997,2026-07-03T07:06:08.617001Z,,True
7a14c2bb-7723-4b8a-64db-8c88451234e9,d4bbfb45-f03d-4096-b841-3162a28b1e63,KXSOL15M-26JUL030315-15,YES,buy,1.0,0.55,0.55,0.45,0.55,0.0174,0.5674,2026-07-03T07:03:49.734399Z,,True
9cdf87d4-be46-692b-159c-3049f78b79d0,4ba83313-24f7-4b03-aa6b-b7c82a510c07,KXETH15M-26JUL030230-30,YES,buy,1.0,0.16,0.16,0.84,0.16,0.0095,0.1695,2026-07-03T06:25:20.356575Z,,True
8fb1a03c-c45e-66d3-1ead-dac384f4a90e,4824451d-48e4-4b22-a3ce-5210a384e299,KXSOL15M-26JUL030230-30,YES,buy,1.0,0.055,0.055,0.945,0.055,0.0037,0.0587,2026-07-03T06:25:06.095986Z,,True
d76f5c7e-6b09-45ed-9371-11ca0452ddf3,dbb12071-520e-41e0-82fa-9746172a6afd,KXDOGE15M-26JUL030130-30,YES,buy,1.0,0.62,0.62,0.38,0.62,0.0165,0.6365,2026-07-03T05:25:41.311263Z,,True
24141b6d-186d-537f-cfee-80e451d38508,39bbb373-507d-46ed-9f60-8d66814dbe12,KXSOL15M-26JUL030130-30,YES,buy,1.0,0.87,0.87,0.13,0.87,0.008,0.878,2026-07-03T05:25:34.739224Z,,True
fefea193-94c4-4a5b-03b6-7ca2d0b5e87c,1575b3ae-20cc-4247-ace5-c9b47ff220a8,KXETH15M-26JUL030130-30,YES,buy,1.0,0.923,0.923,0.077,0.923,0.005,0.928,2026-07-03T05:25:20.458798Z,,True
4248fa99-e24d-60b8-be2c-e40b56d6eb52,75fad5e8-b07d-4973-8d7c-01be2ee53481,KXDOGE15M-26JUL030130-30,YES,buy,1.0,0.59,0.59,0.41,0.59,0.017,0.607,2026-07-03T05:25:14.576017Z,,True
ce0a7a75-6f42-7846-29bf-fb5a053b7420,0abda86c-25f7-4d2d-a57b-9d8194f7c5b0,KXSOL15M-26JUL030130-30,YES,buy,1.0,0.66,0.66,0.34,0.66,0.0158,0.6758000000000001,2026-07-03T05:23:15.997915Z,,True
1b4939d3-f4f9-5feb-ba1b-8809a81b0add,56393f48-6306-4467-815f-0b3ea3d1b41d,KXXRP15M-26JUL030130-30,YES,buy,1.0,0.58,0.58,0.42,0.58,0.0171,0.5971,2026-07-03T05:19:38.96687Z,,True
e655808d-f771-41f2-8eb1-09bfdd1ef4ba,c93d5267-564a-4166-890f-1429aab9a625,KXDOGE15M-26JUL030130-30,YES,buy,1.0,0.61,0.61,0.39,0.61,0.0167,0.6267,2026-07-03T05:19:03.027404Z,,True
f27aeea9-80d1-4001-60aa-12cd49c65370,2ad5cd1b-b01c-432f-b169-73111238f975,KXSOL15M-26JUL030130-30,YES,buy,1.0,0.62,0.62,0.38,0.62,0.0165,0.6365,2026-07-03T05:18:53.156695Z,,True
84f4e857-73da-4f7f-2e76-3c2df06f69d2,3b7699f2-49db-4ab5-85df-ffc19e32a4b2,KXDOGE15M-26JUL030115-15,YES,buy,1.0,0.91,0.91,0.09,0.91,0.0,0.91,2026-07-03T05:11:14.198921Z,,False
73ed03be-0ad5-5561-d2a8-47d562182945,29286cd8-0b24-4b73-9475-c32b315695c1,KXXRP15M-26JUL030115-15,YES,buy,1.0,0.96,0.96,0.04,0.96,0.0,0.96,2026-07-03T05:10:46.236087Z,,False
ef209bf0-ac7e-6cd6-e959-9f29777671dd,da28f764-df07-4874-ac1f-0767be1c84b5,KXSOL15M-26JUL030115-15,YES,buy,1.0,0.94,0.94,0.06,0.94,0.0,0.94,2026-07-03T05:10:37.692509Z,,False
061b06e6-40a4-59ce-447e-386f08baca84,e07132e5-ea90-4735-b39f-081f55ea9edd,KXETH15M-26JUL030115-15,YES,buy,1.0,0.948,0.948,0.052,0.948,0.0035,0.9514999999999999,2026-07-03T05:10:36.097481Z,,True
ef3d3e79-0c6c-5f01-ca7a-5f7bec29cac3,fdb6f63a-0b57-4758-9d5c-0bee20f68150,KXDOGE15M-26JUL030115-15,YES,buy,1.0,0.75,0.75,0.25,0.75,0.0132,0.7632,2026-07-03T05:05:39.137644Z,,True
894798ff-9440-7f9c-212e-59a002757172,8a49c7fe-ecc9-40ca-a1f1-f878885a28ae,KXXRP15M-26JUL030045-45,NO,sell,1.0,0.21,0.79,0.21,0.21,0.0,0.21,2026-07-03T04:37:41.413692Z,,False
d326b248-cf00-5fe6-edd3-1e3f33474805,a8a584b1-1e36-47b4-9d3d-6e724fe24e9c,KXSOL15M-26JUL030045-45,NO,sell,1.0,0.23,0.77,0.23,0.23,0.0124,0.2424,2026-07-03T04:37:11.664414Z,,True
12d51937-ca7d-66cd-708d-c8cd69cf1762,783860bf-bbeb-4b6e-b2f8-c10e75214763,KXETH15M-26JUL030045-45,NO,sell,1.0,0.3,0.7,0.3,0.3,0.0147,0.3147,2026-07-03T04:37:01.717065Z,,True
217e6804-a2ad-40ed-373f-3c7dca2170de,1a92029a-c2e9-412e-a609-250acfb3b3c4,KXDOGE15M-26JUL030000-00,NO,sell,1.0,0.07,0.93,0.07,0.07,0.0046,0.0746,2026-07-03T03:52:41.058568Z,,True
93ad29eb-f49d-74c8-1702-bed09b076404,17182497-64a9-4c54-a9c3-0fa7c90aa67d,KXXRP15M-26JUL030000-00,NO,sell,1.0,0.24,0.76,0.24,0.24,0.0128,0.25279999999999997,2026-07-03T03:52:35.63994Z,,True
82f247d0-04a2-50cf-40ff-517fa3c1c5fa,b4629896-0b08-4737-b8ee-e3c308775d23,KXETH15M-26JUL030000-00,NO,sell,1.0,0.18,0.82,0.18,0.18,0.0104,0.19039999999999999,2026-07-03T03:52:16.881336Z,,True
a866df1d-a60f-73f0-b986-ae10580197fd,9a98472e-abff-4c2a-84a8-991b72487eac,KXDOGE15M-26JUL022330-30,NO,sell,1.0,0.16,0.84,0.16,0.16,0.0095,0.1695,2026-07-03T03:17:05.564729Z,,True
7e492b24-407f-54ae-c390-c63f4fb22749,07b3ab39-532f-46db-9f29-e9daedcdbc26,KXXRP15M-26JUL022330-30,NO,sell,1.0,0.19,0.81,0.19,0.19,0.0108,0.2008,2026-07-03T03:17:04.77423Z,,True
38476174-f7b2-4328-9d66-3cd3c4b822f6,b7f08a0e-536a-42cf-84de-b726b47abb44,KXETH15M-26JUL022330-30,NO,sell,1.0,0.24,0.76,0.24,0.24,0.0128,0.25279999999999997,2026-07-03T03:16:33.905492Z,,True
bd0e23ac-fd85-62e5-7a2f-12b39de91f3a,9b437582-d89e-4b2c-b7bf-85af8d975060,KXDOGE15M-26JUL022300-00,NO,sell,1.0,0.054,0.946,0.054,0.054,0.0036,0.0576,2026-07-03T02:54:03.012579Z,,True
26381eb1-eebe-4e27-caa7-b40878d181da,cf296082-9ac1-430b-97ec-2e7792d9c3c4,KXXRP15M-26JUL022230-30,NO,sell,1.0,0.086,0.914,0.086,0.086,0.0056,0.09159999999999999,2026-07-03T02:23:41.765672Z,,True
b11ea85c-0193-7e01-5d4e-bb438d83ed1e,6bbf478d-69e9-4f40-b91f-e823ae3e0282,KXSOL15M-26JUL022230-30,NO,sell,1.0,0.18,0.82,0.18,0.18,0.0104,0.19039999999999999,2026-07-03T02:22:57.622052Z,,True
916e14c3-53cf-552e-3d1e-b2808f2277c2,f296ab2c-f62e-4496-a430-964f31d4e03c,KXDOGE15M-26JUL022230-30,NO,sell,1.0,0.059,0.941,0.059,0.059,0.0039,0.0629,2026-07-03T02:22:52.520078Z,,True
d45fbbc1-59a5-5845-6a26-4a5ee54c1d82,fbf8fc30-1b00-4468-b413-45ba4d731cdc,KXXRP15M-26JUL022230-30,NO,sell,1.0,0.2,0.8,0.2,0.2,0.0112,0.2112,2026-07-03T02:18:01.183295Z,,True
83e60768-e0a8-6c85-ef7a-39d63f1b2236,cc8aff3c-48b3-49e3-9ec1-d246e5f31d77,KXDOGE15M-26JUL022230-30,NO,sell,1.0,0.22,0.78,0.22,0.22,0.0121,0.2321,2026-07-03T02:17:52.55879Z,,True
591f7e26-4dfe-4cb6-5102-270947d5a524,286f61f1-b3ac-4009-b7ab-b3419f7873d1,KXETH15M-26JUL022215-15,NO,sell,1.0,0.18,0.82,0.18,0.18,0.0104,0.19039999999999999,2026-07-03T02:09:50.913689Z,,True
0acd6155-d1f3-407e-110a-3cf845b5528e,487eb24a-957d-4234-a618-a9803c864fac,KXSOL15M-26JUL022200-00,YES,sell,1.0,0.79,0.79,0.21,0.79,0.0117,0.8017000000000001,2026-07-03T01:59:27.021818Z,,True
c818355f-68be-6d58-e7c5-435811fb2a95,3bacb93a-e06d-4b48-9298-f00e293a0300,KXSOL15M-26JUL022200-00,NO,sell,1.0,0.061,0.939,0.061,0.061,0.0041,0.0651,2026-07-03T01:54:34.474053Z,,True
a75e263a-4b3a-7d3f-8385-26afd89e3db6,03736725-c7c0-4c3f-8d8b-34c952285bae,KXBTC15M-26JUL022145-45,NO,sell,1.0,0.018,0.982,0.018,0.018,0.0013,0.019299999999999998,2026-07-03T01:40:15.84763Z,,True
b0361ffe-8cc1-5b10-ee6e-6e50f536be4d,77e24d2f-4cbc-4588-9777-2817aaaae742,KXETH15M-26JUL022115-15,NO,sell,1.0,0.009,0.991,0.009,0.009,0.0007,0.009699999999999999,2026-07-03T01:10:42.113609Z,,True
f5f6602f-6622-40b9-6314-dcef0ba56cdb,10e921ca-d50f-4d3b-85ce-6a2e3b36174f,KXBTC15M-26JUL022115-15,NO,sell,1.0,0.06,0.94,0.06,0.06,0.0,0.06,2026-07-03T01:05:34.208328Z,,False
49417b33-5290-7696-4936-76af021e9c7a,7c106d3d-214b-4cbf-bb02-142458217900,KXSOL15M-26JUL022000-00,NO,sell,1.0,0.005,0.995,0.005,0.005,0.0004,0.0054,2026-07-02T23:59:44.747352Z,,True
916cd348-3f78-4006-dd26-99f8a5e90676,8a1b0723-fa31-411b-9e06-2ff1b1dc9f83,KXSOL15M-26JUL022000-00,NO,sell,1.0,0.005,0.995,0.005,0.005,0.0004,0.0054,2026-07-02T23:59:34.570352Z,,True
6dcb8e57-9120-785a-7aec-4005126e11fa,7532d064-11a7-4f0c-b7f4-998edc3d5a60,KXSOL15M-26JUL022000-00,NO,sell,1.0,0.005,0.995,0.005,0.005,0.0004,0.0054,2026-07-02T23:59:29.539097Z,,True
d22994f1-1ab4-52f7-071e-f9ca052783e0,591b9cf5-85f3-4420-a74e-20182664ac18,KXSOL15M-26JUL022000-00,NO,sell,1.0,0.003,0.997,0.003,0.003,0.0003,0.0033,2026-07-02T23:59:04.778138Z,,True
b1070897-fd40-7613-e645-7b6d50ae9d24,81d03bec-3c0e-4d19-9f18-c0b1f306eba9,KXSOL15M-26JUL022000-00,NO,sell,1.0,0.003,0.997,0.003,0.003,0.0003,0.0033,2026-07-02T23:58:59.584263Z,,True
36006867-f7d7-67e4-5fae-59a1660c9959,0b0ea30a-ef5b-497d-b946-6127ab5e8239,KXSOL15M-26JUL022000-00,NO,sell,1.0,0.004,0.996,0.004,0.004,0.0003,0.0043,2026-07-02T23:58:50.060897Z,,True
11e8e2c2-dc0e-7b3f-a46c-1b37a60b4825,5451b1b4-67ad-4ce9-878b-a6e14515a5e4,KXSOL15M-26JUL022000-00,NO,sell,1.0,0.011,0.989,0.011,0.011,0.0008,0.0118,2026-07-02T23:58:44.432318Z,,True
52fb7dfb-f8d0-63b2-1d5d-54129145f935,0cd5acf3-e805-4844-940a-c124baf9c259,KXSOL15M-26JUL022000-00,YES,buy,1.0,0.97,0.97,0.03,0.97,0.0,0.97,2026-07-02T23:58:28.969933Z,,False
c0507570-6aec-415c-61c5-c4666f7e75ad,f08c9f46-b65d-4170-b116-8cd473fc8ccc,KXSOL15M-26JUL022000-00,NO,sell,1.0,0.006,0.994,0.006,0.006,0.0005,0.006500000000000001,2026-07-02T23:58:19.353031Z,,True
ee9b87a7-5da3-5877-0e3d-2701fabb0cad,93180d45-2aac-4629-ac32-cc1d246bce6d,KXSOL15M-26JUL022000-00,NO,sell,1.0,0.011,0.989,0.011,0.011,0.0008,0.0118,2026-07-02T23:58:14.336431Z,,True
2495b6b4-86ad-4e23-bb56-4226f6ffbd2e,db1220c9-846f-4076-822e-400c874692f6,KXSOL15M-26JUL022000-00,NO,sell,1.0,0.018,0.982,0.018,0.018,0.0013,0.019299999999999998,2026-07-02T23:58:09.180047Z,,True
43ca66b0-3d6b-5772-48ed-f2d4e7c02c0d,a5c43e72-6aea-42c8-a917-cafa0dfdee41,KXXRP15M-26JUL022000-00,NO,sell,1.0,0.01,0.99,0.01,0.01,0.0,0.01,2026-07-02T23:57:55.11675Z,,False
6cdddfac-2027-5d8b-238f-df2a5dfb1387,258b46de-2396-450f-a52c-271b1b404ea6,KXSOL15M-26JUL022000-00,NO,sell,1.0,0.01,0.99,0.01,0.01,0.0007,0.0107,2026-07-02T23:57:49.806902Z,,True
6bb34fc5-0305-492b-1e86-32802c83a51f,ae843d56-f6ec-4441-b4eb-a2279459082b,KXSOL15M-26JUL022000-00,YES,buy,1.0,0.97,0.97,0.03,0.97,0.0,0.97,2026-07-02T23:56:55.685741Z,,False
ba1f6619-842a-54c7-1687-0f8b2326ffea,28a7c514-0442-466a-a361-3ff3f97349ee,KXSOL15M-26JUL022000-00,NO,sell,1.0,0.047,0.953,0.047,0.047,0.0032,0.0502,2026-07-02T23:55:54.83265Z,,True
3faa5a50-cd91-5b8b-40af-ef5b20338aaa,cfb14d81-1814-4d69-8569-f17b831a093e,KXSOL15M-26JUL022000-00,NO,sell,1.0,0.06,0.94,0.06,0.06,0.0,0.06,2026-07-02T23:54:57.111866Z,,False
272b1f6b-1655-55d9-6af6-7cdffffd06cd,d73008ba-c3d0-433b-af30-62ff5cd48559,KXSOL15M-26JUL022000-00,NO,sell,1.0,0.06,0.94,0.06,0.06,0.0,0.06,2026-07-02T23:54:57.111866Z,,False
9273e38e-6bc2-6cec-3e57-86f578c903e8,00dce464-a637-48e8-a91d-fe947a5da341,KXSOL15M-26JUL022000-00,NO,sell,1.0,0.19,0.81,0.19,0.19,0.0108,0.2008,2026-07-02T23:53:54.829002Z,,True
e06d6cd9-a736-7250-30da-07deba1cb6c4,802c36ca-28ba-4dad-a45d-1e64a625d3fe,KXETH15M-26JUL022000-00,NO,sell,1.0,0.095,0.905,0.095,0.095,0.0061,0.1011,2026-07-02T23:51:48.351666Z,,True
979b8602-1bce-6170-326c-4ea1b3df2ef3,bc1a76ae-338b-4bce-a504-34f4bf48f48c,KXETH15M-26JUL022000-00,NO,sell,1.0,0.13,0.87,0.13,0.13,0.008,0.138,2026-07-02T23:51:38.305676Z,,True
f67a3390-0bd5-7e69-83a5-11fc4d9414ed,f675df36-9d15-4c58-8a71-4c0a11069634,KXXRP15M-26JUL022000-00,NO,sell,1.0,0.25,0.75,0.25,0.25,0.0132,0.2632,2026-07-02T23:50:03.367189Z,,True
656fcbe0-cbee-75b7-fb3d-3e5211458648,4165859b-b4ff-4ea6-9879-e705279caed5,KXBTC15M-26JUL021945-45,NO,sell,1.0,0.25,0.75,0.25,0.25,0.0132,0.2632,2026-07-02T23:36:02.382929Z,,True
0d9ed0d7-cc86-495e-7446-f7e727785c71,6d2ace15-2a6c-42cd-bed7-fd0d61ca4970,KXBTC15M-26JUL021945-45,NO,sell,1.0,0.23,0.77,0.23,0.23,0.0124,0.2424,2026-07-02T23:35:52.772229Z,,True
331ff537-d735-78ba-0903-e388cee89d18,e6b1d8bf-9462-4d52-a24c-b94bf1336c69,KXSOL15M-26JUL021845-45,NO,sell,1.0,0.086,0.914,0.086,0.086,0.0056,0.09159999999999999,2026-07-02T22:39:16.93274Z,,True
f7141a1b-52ca-73e1-062f-f9eee786523f,19f230fd-f6b3-4fe7-b670-032c6dac100b,KXETH15M-26JUL021830-30,NO,sell,1.0,0.08,0.92,0.08,0.08,0.0,0.08,2026-07-02T22:28:43.130942Z,,False
b3e28b30-5ef0-43c8-06f1-890a6fc3645e,ff36fd60-79a3-41fb-a380-6844cdcf7c3f,KXBTC15M-26JUL021800-00,NO,sell,1.0,0.11,0.89,0.11,0.11,0.0069,0.1169,2026-07-02T21:53:34.188789Z,,True
09b153fa-373f-7cf7-b760-81de3d6919db,6d51d322-5462-4595-9337-3cf7615d814f,KXETH15M-26JUL021700-00,NO,sell,1.0,0.08,0.92,0.08,0.08,0.0,0.08,2026-07-02T20:55:58.977285Z,,False
74305795-1322-77ec-5071-0bdff7e24c7b,fb743ac1-bdd6-4f9c-b20a-9e684ffa8887,KXBTC15M-26JUL021700-00,NO,sell,1.0,0.1,0.9,0.1,0.1,0.0063,0.1063,2026-07-02T20:53:15.845175Z,,True
694525d3-8949-7515-9705-0965d90b22c3,34973f02-bf51-4e46-897c-78d0053d2a6d,KXBTC15M-26JUL021700-00,NO,sell,1.0,0.082,0.918,0.082,0.082,0.0053,0.0873,2026-07-02T20:51:55.698788Z,,True
67987a71-1c11-4e64-f88e-5bdf3ec25eb6,af769f7e-82e4-468a-85fc-0f7973497536,KXBTC15M-26JUL021330-30,NO,sell,1.0,0.07,0.93,0.07,0.07,0.0,0.07,2026-07-02T17:27:19.813641Z,,False
43d03ef9-d449-46f2-df77-1b80569a4402,8b3edbf6-4abc-4e1c-a205-4f261b116f82,KXBTC15M-26JUL021330-30,NO,sell,1.0,0.07,0.93,0.07,0.07,0.0,0.07,2026-07-02T17:27:19.813641Z,,False
cd1211ed-6088-6a35-fbb7-b728031a5e0f,64196160-df22-4a82-91b3-6b82cca4b401,KXBTC15M-26JUL021100-00,YES,buy,0.18,0.905,0.905,0.095,0.1629,0.0011,0.16399999999999998,2026-07-02T14:50:40.452285Z,,True
4e7d2e84-8b87-60ee-fac6-502d46d259d1,64196160-df22-4a82-91b3-6b82cca4b401,KXBTC15M-26JUL021100-00,YES,buy,0.82,0.905,0.905,0.095,0.7421,0.005,0.7471,2026-07-02T14:50:40.452285Z,,True
be1b1c09-5050-57b3-23ba-fc77dfc8f04e,d8508721-7703-4571-a4c1-1416a66128e3,KXBTC15M-26JUL021100-00,YES,buy,1.0,0.89,0.89,0.11,0.89,0.0069,0.8969,2026-07-02T14:50:30.495033Z,,True
f6a610c4-b49f-7eec-66a5-bbb5285deab4,940b67df-62fa-4ef1-b32c-4f7f409ba3c6,KXBTC15M-26JUL021100-00,YES,buy,1.0,0.87,0.87,0.13,0.87,0.008,0.878,2026-07-02T14:49:57.006637Z,,True
dcd26a97-db75-7952-663a-267b30ca0b99,03cf9843-803d-4ffe-bdf0-e25310695fce,KXETH15M-26JUL021045-45,YES,buy,1.0,0.002,0.002,0.998,0.002,0.0002,0.0022,2026-07-02T14:43:59.640948Z,,True
39faa857-f203-765e-2241-b8679341581b,19811fef-5462-4e41-a847-509a977808a5,KXBTC15M-26JUL021045-45,YES,buy,1.0,0.002,0.002,0.998,0.002,0.0002,0.0022,2026-07-02T14:43:49.632456Z,,True
b53592f5-14b8-797d-21ab-b0d57fa235f4,77ee2860-0eea-4f8c-a19a-083a035c5d1c,KXBTC15M-26JUL021045-45,YES,buy,1.0,0.003,0.003,0.997,0.003,0.0003,0.0033,2026-07-02T14:43:39.505502Z,,True
7969d69c-f390-5611-172c-fd450786a7f1,b5d06619-905a-453b-ade5-90705fcd4679,KXBTC15M-26JUL021045-45,YES,buy,1.0,0.005,0.005,0.995,0.005,0.0004,0.0054,2026-07-02T14:43:29.732702Z,,True
4dd62d7c-e77f-7884-166c-109bee5a1ac5,602a17ac-de75-4eb0-ad0c-1504b36c6ce1,KXBTC15M-26JUL021045-45,YES,buy,1.0,0.008,0.008,0.992,0.008,0.0006,0.0086,2026-07-02T14:43:19.498434Z,,True
791ef386-085c-5103-ffeb-e654c3ddc170,03583108-38f2-461c-96c5-36360afd20d8,KXBTC15M-26JUL021045-45,YES,buy,1.0,0.003,0.003,0.997,0.003,0.0003,0.0033,2026-07-02T14:43:09.571304Z,,True
53b73d49-f089-5658-acbb-ff925540cd91,9db53090-f955-4642-82be-e4ac93998481,KXSOL15M-26JUL020945-45,YES,buy,1.0,0.949,0.949,0.051,0.949,0.0034,0.9523999999999999,2026-07-02T13:37:39.732018Z,,True
76d6ce0f-39d9-64ad-43c4-2a8c9629e016,1b79d43e-c3c6-4b31-b658-0ef85a8c9bd6,KXETH15M-26JUL020945-45,YES,buy,1.0,0.951,0.951,0.049,0.951,0.0033,0.9542999999999999,2026-07-02T13:37:29.367155Z,,True
75820b2c-a95c-5193-ca69-a34059caf46f,28d927be-7c4b-45cf-9551-ecab600d7413,KXBTC15M-26JUL020945-45,YES,buy,1.0,0.86,0.86,0.14,0.86,0.0085,0.8684999999999999,2026-07-02T13:37:19.251219Z,,True
da4c6810-3f8b-6f89-92e2-31592641f2a8,ffc41a96-648b-4bd2-8524-e2c0632aaceb,KXETH15M-26JUL020945-45,YES,buy,1.0,0.964,0.964,0.036,0.964,0.0025,0.9664999999999999,2026-07-02T13:37:09.458253Z,,True
4a392d05-a5a1-6d0c-5284-20e570d8672c,3f93128b-37c5-4adc-bb83-9f5da2c613d8,KXBTC15M-26JUL020945-45,YES,buy,1.0,0.918,0.918,0.082,0.918,0.0053,0.9233,2026-07-02T13:36:49.727424Z,,True
524ce174-6190-452e-efde-a982b79ca2c8,42507b42-6d28-4065-9503-10b4d207609f,KXXRP15M-26JUL020915-15,YES,buy,1.0,0.989,0.989,0.011,0.989,0.0008,0.9898,2026-07-02T13:12:32.849489Z,,True
7b51d5a8-d00c-728a-5e70-5c36a4375628,48173675-414f-4d8c-b968-add9d6ed9da7,KXXRP15M-26JUL020915-15,YES,buy,1.0,0.989,0.989,0.011,0.989,0.0008,0.9898,2026-07-02T13:12:28.014327Z,,True
baf24517-f231-5f5b-69c2-0b181462ab61,54e2852d-14e9-4543-bde0-cbf7a1df911a,KXETH15M-26JUL020915-15,YES,buy,1.0,0.989,0.989,0.011,0.989,0.0008,0.9898,2026-07-02T13:12:22.20087Z,,True
c87fa697-6bd8-56f5-35aa-a441ec15c940,320f39e7-a34d-4c27-a5c0-11579a084ff0,KXSOL15M-26JUL020915-15,YES,buy,1.0,0.96,0.96,0.04,0.96,0.0,0.96,2026-07-02T13:11:58.515462Z,,False
ae498300-23c4-55f3-3937-f7774e056b9c,35b6e2fc-4d3d-46f5-9a2a-f94383f445b0,KXBTC15M-26JUL020915-15,YES,buy,1.0,0.97,0.97,0.03,0.97,0.0,0.97,2026-07-02T13:11:54.601984Z,,False
fcf6c46c-a9c4-4a8b-a739-53387a0ecbfc,9649b2c2-2e0c-436b-885a-f69339ab11e7,KXSOL15M-26JUL020915-15,YES,buy,1.0,0.961,0.961,0.039,0.961,0.0027,0.9637,2026-07-02T13:11:52.999532Z,,True
f8c616fb-700f-4fec-23ed-e5001581b30b,cd56f227-a687-4063-a621-c113fd1dc73a,KXBTC15M-26JUL020915-15,YES,buy,1.0,0.978,0.978,0.022,0.978,0.0016,0.9796,2026-07-02T13:11:52.077144Z,,True
71c3ecc2-4d73-415e-98cf-305a997c1231,43239aed-3ba7-40da-8213-57fccfa86576,KXETH15M-26JUL020915-15,YES,buy,1.0,0.968,0.968,0.032,0.968,0.0022,0.9702,2026-07-02T13:11:47.525666Z,,True
6c0ce37b-5b6d-72e3-8879-98c130bdd29f,9a91370d-5d44-4529-ac49-a05d19716e63,KXETH15M-26JUL020915-15,YES,buy,1.0,0.97,0.97,0.03,0.97,0.0,0.97,2026-07-02T13:11:45.352569Z,,False
994bce8c-89df-40ee-653c-2aa29c7c3a17,8d4af72e-42f4-43f2-bbbd-62f9fc98572d,KXBTC15M-26JUL020900-00,YES,buy,1.0,0.99,0.99,0.01,0.99,0.0007,0.9907,2026-07-02T12:57:16.352256Z,,True
48c4a836-b50f-66d1-a32e-bc33649cf52c,2496374c-ef82-4974-8024-3a557dd57608,KXBTC15M-26JUL020900-00,YES,buy,1.0,0.989,0.989,0.011,0.989,0.0008,0.9898,2026-07-02T12:57:11.221842Z,,True
769acf10-2642-4103-dff2-62ae3c60e8f4,9501d38a-a557-41f6-94de-f8055280c280,KXXRP15M-26JUL020900-00,YES,buy,1.0,0.94,0.94,0.06,0.94,0.004,0.944,2026-07-02T12:56:21.966935Z,,True
49f7f965-a6d6-7cb6-3224-cae68934391b,70aef092-1d03-4e45-a71e-43f29e6e6cfe,KXBTC15M-26JUL020900-00,YES,buy,1.0,0.96,0.96,0.04,0.96,0.0027,0.9627,2026-07-02T12:56:21.340344Z,,True
0af09a91-be99-69f3-0591-ee956b1ea603,c9c0e95b-0c50-4b8d-abc5-1a854c722098,KXSOL15M-26JUL020900-00,YES,buy,1.0,0.74,0.74,0.26,0.74,0.0135,0.7535,2026-07-02T12:56:13.342117Z,,True
71ccb87a-d1dd-5428-c099-2c713d187c35,2e6907ef-13fa-4619-9f93-41878a8893fd,KXETH15M-26JUL020900-00,YES,buy,1.0,0.86,0.86,0.14,0.86,0.0085,0.8684999999999999,2026-07-02T12:56:12.676938Z,,True
f2239ed3-9a2b-6afb-b54a-c7d3b66c75e6,8aa0eeab-a65e-4755-91d6-da0690b112e6,KXXRP15M-26JUL020900-00,YES,buy,1.0,0.97,0.97,0.03,0.97,0.0,0.97,2026-07-02T12:55:14.789673Z,,False
9f968c1f-5e4a-48b9-45a1-ad59d3d5e416,26f7d2b5-8fa3-413b-bd62-f61accee7aa6,KXXRP15M-26JUL020900-00,YES,buy,1.0,0.98,0.98,0.02,0.98,0.0,0.98,2026-07-02T12:55:13.715196Z,,False
99508483-fa6d-4399-7c4b-70a8f2f63eff,2031da29-2b84-4a1b-8488-2bebedcda04f,KXXRP15M-26JUL020900-00,YES,buy,1.0,0.98,0.98,0.02,0.98,0.0,0.98,2026-07-02T12:55:13.715196Z,,False
36b1761f-0246-4608-70ea-b76f0fe0481b,8fd028b5-d3af-4f8a-8829-ec2c10dbd6ab,KXXRP15M-26JUL020900-00,YES,buy,1.0,0.98,0.98,0.02,0.98,0.0,0.98,2026-07-02T12:55:13.715196Z,,False
550b1e75-9a96-5064-38db-ba44fdb95a9b,8a21b194-dc65-46d3-a0c7-c3d815d65a2f,KXSOL15M-26JUL020900-00,YES,buy,1.0,0.921,0.921,0.079,0.921,0.0051,0.9261,2026-07-02T12:55:01.206495Z,,True
422bca48-5e49-77ea-ec92-162a3f2c032c,305edb33-6360-4340-8004-89d95d39b9bc,KXBTC15M-26JUL020900-00,YES,buy,1.0,0.98,0.98,0.02,0.98,0.0,0.98,2026-07-02T12:54:59.531765Z,,False
36694124-4b95-507e-4a12-0f3fe8b6d80d,6bda76db-b588-4550-b042-eca46b5f746a,KXSOL15M-26JUL020900-00,YES,buy,1.0,0.906,0.906,0.094,0.906,0.006,0.912,2026-07-02T12:54:57.067471Z,,True
76a25852-1b79-7c74-fe15-a6354270b48d,d3016c6f-1cd8-4572-ae54-d6c427269cf9,KXBTC15M-26JUL020900-00,YES,buy,1.0,0.98,0.98,0.02,0.98,0.0,0.98,2026-07-02T12:54:53.154574Z,,False
2854cec2-9202-674b-0733-803aacecece2,e6789fba-b8b0-497e-a8e7-ac33f572f180,KXDOGE15M-26JUL020900-00,YES,buy,1.0,0.94,0.94,0.06,0.94,0.004,0.944,2026-07-02T12:54:52.760833Z,,True
6b2860f0-8129-5793-95b5-bf2db0368d2b,4ed0daae-b761-470c-8720-4ca257b6b8c7,KXETH15M-26JUL020900-00,YES,buy,1.0,0.944,0.944,0.056,0.944,0.0038,0.9478,2026-07-02T12:54:51.562985Z,,True
e94434f2-ee32-430c-d384-f7a3abb5b475,1537d335-0b67-4ca6-bf28-e357ff463da1,KXXRP15M-26JUL020900-00,YES,buy,1.0,0.97,0.97,0.03,0.97,0.0,0.97,2026-07-02T12:54:26.490572Z,,False
7deb1091-90c8-432f-fb3e-40f8c75792da,8198f756-759d-4c85-9792-540c93a41b0e,KXXRP15M-26JUL020900-00,YES,buy,1.0,0.97,0.97,0.03,0.97,0.0,0.97,2026-07-02T12:54:26.490572Z,,False
848e7f8b-f8a9-6a26-6184-82b3684fde2b,9971794c-2c5b-4b3c-b4f9-9e621d60b472,KXETH15M-26JUL020900-00,YES,buy,1.0,0.913,0.913,0.087,0.913,0.0056,0.9186000000000001,2026-07-02T12:54:11.651749Z,,True
59ee21c8-dfcf-4066-01b0-b412fe54f7e4,311168c5-13ba-4173-a1ed-52a997f2b468,KXBTC15M-26JUL020900-00,YES,buy,1.0,0.954,0.954,0.046,0.954,0.0031,0.9571,2026-07-02T12:54:11.172298Z,,True
358ca307-5a2a-7810-6db5-b270724e12ef,72825d8d-be1b-43be-b7fe-6516b80c519f,KXXRP15M-26JUL020900-00,YES,buy,1.0,0.98,0.98,0.02,0.98,0.0,0.98,2026-07-02T12:54:03.576184Z,,False
5013dd86-4b5d-7ef8-43ff-dc95601350ed,5bfa53c9-2f1a-4ff5-b852-d919042307ac,KXBTC15M-26JUL020815-15,YES,buy,1.0,0.949,0.949,0.051,0.949,0.0034,0.9523999999999999,2026-07-02T12:14:27.800682Z,,True
fc355d08-6959-7711-a000-96e65c21943f,16d2d771-7a2f-4cec-80ef-037c75887091,KXXRP15M-26JUL020815-15,YES,buy,1.0,0.979,0.979,0.021,0.979,0.0015,0.9804999999999999,2026-07-02T12:10:22.190639Z,,True
4b6812b2-2ece-7f3b-9caa-4a97b52c979a,0db24969-4c6f-4cd1-84c8-1341962608ae,KXXRP15M-26JUL020815-15,YES,buy,1.0,0.98,0.98,0.02,0.98,0.0,0.98,2026-07-02T12:10:21.943346Z,,False
609d7032-7b02-4d28-0604-94db6c15154d,709f7bda-4ddd-4279-aba3-4f30a585b85d,KXXRP15M-26JUL020815-15,YES,buy,1.0,0.89,0.89,0.11,0.89,0.0069,0.8969,2026-07-02T12:07:06.813466Z,,True
ab0cc7b4-f90f-4625-f0fd-79c8ff08c16d,a2e744a8-1140-41bb-9c89-2c4a1a71a0a2,KXXRP15M-26JUL020815-15,YES,buy,1.0,0.89,0.89,0.11,0.89,0.0069,0.8969,2026-07-02T12:07:01.892233Z,,True
4c53705b-a322-67b4-4959-d5d830b14d60,989c2d7c-2487-4b9d-b83a-2506e12a18c4,KXBTC15M-26JUL020745-45,YES,buy,1.0,0.943,0.943,0.057,0.943,0.0038,0.9468,2026-07-02T11:44:05.225023Z,,True
b922c1f9-31ac-567b-e394-d1da125ccaaa,b7d2a724-4891-4e0d-9361-ef91471590d2,KXSOL15M-26JUL020745-45,YES,buy,1.0,0.97,0.97,0.03,0.97,0.0,0.97,2026-07-02T11:43:32.275315Z,,False
e46b85f0-7c56-7e6e-c3f6-c482e50c2d8b,49934fc2-ae82-4d5d-9172-aeb17180a0bb,KXBTC15M-26JUL020745-45,YES,buy,1.0,0.919,0.919,0.081,0.919,0.0053,0.9243,2026-07-02T11:43:30.532464Z,,True
abb0fb9e-1664-4ef1-c632-f90f5689fb02,b36c20c2-57a1-4ca7-9f46-a9cdf5b6b73a,KXSOL15M-26JUL020715-15,YES,buy,1.0,0.98,0.98,0.02,0.98,0.0,0.98,2026-07-02T11:12:32.664928Z,,False
8f1a3ed2-de50-7be7-f7a1-e0818778cba8,ac92412e-ad0c-4e5e-9ac9-d67618508585,KXBTC15M-26JUL020700-00,YES,buy,1.0,0.926,0.926,0.074,0.926,0.0048,0.9308000000000001,2026-07-02T10:54:47.602636Z,,True
44c4e4d3-0de0-4c05-73f8-6cea573324e7,c5992da4-c945-4377-b697-d9f650039b15,KXDOGE15M-26JUL020645-45,YES,buy,1.0,0.71,0.71,0.29,0.71,0.0145,0.7244999999999999,2026-07-02T10:30:26.720361Z,,True
59668a7f-f123-533c-7421-1984e670a328,a506c408-4ea3-45a0-b782-e8424fa38af4,KXXRP15M-26JUL020645-45,YES,buy,1.0,0.61,0.61,0.39,0.61,0.0167,0.6267,2026-07-02T10:30:26.372221Z,,True
765baca2-383c-5f05-ee33-2069a727f8e8,d4a944bc-1dd5-456f-9f16-4b48b5f9e35b,KXSOL15M-26JUL020645-45,YES,buy,1.0,0.59,0.59,0.41,0.59,0.017,0.607,2026-07-02T10:30:26.0028Z,,True
1bb9f81f-12fd-451e-54b4-d7bf39724bc4,62137448-bdcd-428f-bb03-661a81a48fd5,KXETH15M-26JUL020645-45,YES,buy,1.0,0.61,0.61,0.39,0.61,0.0167,0.6267,2026-07-02T10:30:25.515238Z,,True
6e2cb799-9bae-66bd-347a-df8020b59f99,85c31fd6-4543-4948-a833-4438bea11632,KXBTC15M-26JUL020645-45,YES,buy,1.0,0.58,0.58,0.42,0.58,0.0171,0.5971,2026-07-02T10:30:25.002011Z,,True
a8814081-d052-5c5a-fa45-74cfb14bb1bd,8d631668-79cb-4420-9af3-3704f453c768,KXDOGE15M-26JUL020245-45,NO,sell,1.0,0.18,0.82,0.18,0.18,0.0104,0.19039999999999999,2026-07-02T06:37:42.102223Z,,True
0264f718-c184-798e-4ba5-a080e729ebf8,2488ff58-a306-4d30-b0c8-403bff81bba2,KXETH15M-26JUL020245-45,NO,sell,1.0,0.11,0.89,0.11,0.11,0.0069,0.1169,2026-07-02T06:37:33.960304Z,,True
2a2c8d1d-3399-4179-84de-b0f413fbf2fa,f556fdc9-0872-43ca-8363-72224bb7376c,KXBTC15M-26JUL020245-45,NO,sell,1.0,0.18,0.82,0.18,0.18,0.0104,0.19039999999999999,2026-07-02T06:37:33.5913Z,,True
e227fe53-f1e1-7023-ed0d-5fdeba4a89fa,c16648ce-b240-4de6-945c-5b57c1795a37,KXDOGE15M-26JUL020245-45,NO,sell,1.0,0.17,0.83,0.17,0.17,0.0099,0.1799,2026-07-02T06:36:07.263993Z,,True
fdd9a60f-85a4-74d9-ae3b-586d8842869b,3fd7aade-9226-4f00-82cf-349f95dc3364,KXBTC15M-26JUL020245-45,NO,sell,1.0,0.14,0.86,0.14,0.14,0.0085,0.14850000000000002,2026-07-02T06:35:57.991068Z,,True
9afbb057-0862-507a-53f8-41cee489bc57,ce84e432-d9db-4791-b745-81874cd69f73,KXXRP15M-26JUL020100-00,NO,sell,1.0,0.096,0.904,0.096,0.096,0.0061,0.1021,2026-07-02T04:54:48.898025Z,,True
2399be66-05d8-5854-0739-82c8b3887d2c,cec4cb4f-b112-4412-abbd-5487aaa17044,KXDOGE15M-26JUL020100-00,NO,sell,1.0,0.07,0.93,0.07,0.07,0.0046,0.0746,2026-07-02T04:53:38.436518Z,,True
2aede2d1-f0fa-7e44-5ec6-750dcb135a62,6a8a60e9-7964-4f22-bf7e-903bbda2f100,KXXRP15M-26JUL020100-00,NO,sell,1.0,0.086,0.914,0.086,0.086,0.0056,0.09159999999999999,2026-07-02T04:53:15.338027Z,,True
6d04cbfc-793a-6d8e-659c-9c6b28012f8b,5bb19bc5-3553-4b4a-b934-1af43725ca34,KXXRP15M-26JUL012230-30,NO,sell,1.0,0.17,0.83,0.17,0.17,0.0099,0.1799,2026-07-02T02:22:31.822178Z,,True
9ded8bc0-ea2b-7557-ae10-f02b45cdf520,7508297f-0760-4c4c-86d8-4f366fdda009,KXSOL15M-26JUL011930-30,NO,sell,1.0,0.2,0.8,0.2,0.2,0.0112,0.2112,2026-07-01T23:24:41.992338Z,,True
9c4b896d-314c-676f-27f0-6eb027e52999,ffc9b58f-0428-48a6-acc2-9ad97bb1f67f,KXDOGE15M-26JUL011930-30,NO,sell,1.0,0.32,0.68,0.32,0.32,0.0153,0.3353,2026-07-01T23:21:51.436731Z,,True
f86cda64-8830-7950-79ff-6038982ac7cd,13ea78bb-4839-46ca-910e-4147c659e259,KXDOGE15M-26JUL011815-15,NO,sell,1.0,0.35,0.65,0.35,0.35,0.0,0.35,2026-07-01T22:11:32.920982Z,,False
396a9cb0-4632-74c0-f1c9-238bc02b71a0,152912d2-90a3-4f26-8bc0-d40908245f64,KXXRP15M-26JUL011815-15,NO,sell,1.0,0.29,0.71,0.29,0.29,0.0,0.29,2026-07-01T22:08:22.690381Z,,False
80b3c4c9-544e-54e8-c881-54f25f46cfc4,8ff8ff9b-f72f-4f42-b7a6-b950de018d34,KXXRP15M-26JUL011815-15,NO,sell,1.0,0.35,0.65,0.35,0.35,0.0,0.35,2026-07-01T22:08:13.230199Z,,False
65808122-e33f-66f3-60e1-b5b4d9d193b4,887a97b1-4b0d-4b25-b0da-160d37eeb80c,KXETH15M-26JUL011815-15,NO,sell,1.0,0.55,0.45,0.55,0.55,0.0174,0.5674,2026-07-01T22:00:09.237702Z,,True
e8ff9527-ab24-758b-6926-57ffac3d0a4e,fa333cec-1db3-4d45-bd8c-a3de4e371d87,KXBTC15M-26JUL011815-15,NO,sell,1.0,0.55,0.45,0.55,0.55,0.0174,0.5674,2026-07-01T22:00:08.673353Z,,True
22f4ee74-8635-73d0-7e51-667127c70fd9,707f8124-7823-4fd5-b9b7-23bb30eb07cd,KXBTC15M-26JUL011245-45,NO,sell,1.0,0.57,0.43,0.57,0.57,0.0172,0.5871999999999999,2026-07-01T16:31:32.551042Z,,True
f15b6c07-864c-74da-d5ee-ef16c6548890,3a484222-5e99-4e1e-99fc-3bddf31d9109,KXETH15M-26JUL011245-45,NO,sell,1.0,0.54,0.46,0.54,0.54,0.0174,0.5574,2026-07-01T16:30:46.831512Z,,True
9f492454-57a1-7bab-531b-39d285329381,955e8dc6-ce98-4bd1-b2ed-bd0b71216075,KXDOGE15M-26JUL011230-30,NO,sell,1.0,0.31,0.69,0.31,0.31,0.0,0.31,2026-07-01T16:28:04.71893Z,,False
d37193e7-99a0-623c-f8f3-5e9911e93b2f,e0c1d259-7282-4964-9c24-c0b823772b0e,KXXRP15M-26JUL011230-30,NO,sell,1.0,0.55,0.45,0.55,0.55,0.0174,0.5674,2026-07-01T16:22:20.256064Z,,True
4e1bdded-6474-4dba-8c9c-46d68f1f3602,06b4fefc-e013-4211-88fa-dd56e366d778,KXETH15M-26JUL011230-30,NO,sell,1.0,0.36,0.64,0.36,0.36,0.0162,0.3762,2026-07-01T16:21:10.530988Z,,True
da8015be-3be5-6488-7675-558e1f0c9e2f,83050201-913c-44ee-a820-e15fbf4817e7,KXXRP15M-26JUL011230-30,NO,sell,1.0,0.33,0.67,0.33,0.33,0.0,0.33,2026-07-01T16:17:46.357035Z,,False
bcef6046-35af-751b-9914-358e324dfa65,480d6d77-fe17-4cd8-8fd0-44537bf7546f,KXBTC15M-26JUL011230-30,NO,sell,1.0,0.48,0.52,0.48,0.48,0.0175,0.4975,2026-07-01T16:15:54.700211Z,,True
b41610cb-7933-5935-2f5b-260c1ff782fe,05700ec9-1685-4413-aec9-04cd728f609a,KXETH15M-26JUL011230-30,NO,sell,1.0,0.52,0.48,0.52,0.52,0.0175,0.5375,2026-07-01T16:15:49.60734Z,,True
119d7919-a75e-40f7-76c6-f9bf53546d1f,b6a38229-f9e1-42f4-b89b-74ef6c5da7ce,KXBTC15M-26JUL011215-15,NO,sell,1.0,0.33,0.67,0.33,0.33,0.0155,0.34550000000000003,2026-07-01T16:09:18.766427Z,,True
1f788bae-d3bb-6cc4-608d-a85899d189bd,2cbbf327-8559-4a11-b878-a3316dce5b71,KXDOGE15M-26JUL011215-15,NO,sell,1.0,0.29,0.71,0.29,0.29,0.0145,0.3045,2026-07-01T16:08:38.706142Z,,True
be8108f2-c3fc-7647-0ca5-8add59070c0f,f5160426-8ead-4e88-a9f7-1f2f18825a1a,KXDOGE15M-26JUL011215-15,NO,sell,1.0,0.55,0.45,0.55,0.55,0.0174,0.5674,2026-07-01T16:00:38.37042Z,,True
73eedc6e-d1f0-7248-5ce0-e87c98b6d522,f502ef05-40d4-4ccb-bab6-165ab04021f4,KXBTC15M-26JUL011215-15,NO,sell,1.0,0.58,0.42,0.58,0.58,0.0171,0.5971,2026-07-01T16:00:37.737041Z,,True
546631e3-d3a2-6cbb-a040-7216660b2bd3,4e82085f-485a-48a2-8362-70f44851aa04,KXETH15M-26JUL011215-15,NO,sell,1.0,0.6,0.4,0.6,0.6,0.0168,0.6168,2026-07-01T16:00:33.231684Z,,True
e0c4a4d5-4b36-7410-c1ec-81eaa7238bba,a8a508da-9fd5-4fbd-92d6-6e900f993016,KXBTC15M-26JUL011200-00,NO,sell,1.0,0.59,0.41,0.59,0.59,0.017,0.607,2026-07-01T15:46:11.004868Z,,True
567d9d79-3b3a-44b3-1e9f-fa8129088978,4b5f64c1-f252-4175-af9f-15ec063d1ad8,KXETH15M-26JUL011200-00,NO,sell,1.0,0.56,0.44,0.56,0.56,0.0173,0.5773,2026-07-01T15:45:26.034582Z,,True
4d10bfe7-dc62-6247-f1b3-6c9a1a080b68,c37c792e-0a9c-4b72-9c7b-eb08d03cb47f,KXBTC15M-26JUL011145-45,NO,sell,1.0,0.65,0.35,0.65,0.65,0.016,0.666,2026-07-01T15:35:04.268158Z,,True
5ca5283a-173d-5f71-beeb-ff364fbc2f1c,751b4c74-97ee-4645-88e5-3d87408bc4cd,KXETH15M-26JUL011145-45,NO,sell,1.0,0.59,0.41,0.59,0.59,0.017,0.607,2026-07-01T15:34:24.150564Z,,True
a39fe8f5-8be3-419c-d9c5-b806ae18a112,6b71fd0d-6e51-4358-98b5-81f2d8197fae,KXSOL15M-26JUL011145-45,NO,sell,1.0,0.53,0.47,0.53,0.53,0.0175,0.5475,2026-07-01T15:31:53.586008Z,,True
55222ea9-335d-70e6-5a55-0d827c276f69,cf480eb5-e49f-4cc8-b8b4-3bea722b623b,KXDOGE15M-26JUL011145-45,NO,sell,1.0,0.48,0.52,0.48,0.48,0.0175,0.4975,2026-07-01T15:30:24.287394Z,,True
4c33d62c-86ea-69d4-e29b-b0c1976ffa9c,77ef5ca1-b472-4a7f-9f98-6438ea37c0f4,KXXRP15M-26JUL011145-45,NO,sell,1.0,0.53,0.47,0.53,0.53,0.0175,0.5475,2026-07-01T15:30:23.830472Z,,True
51c9d6e7-8e0d-7334-912d-264fc508bd26,8807b930-6db8-44fa-b205-cd86e6297e32,KXSOL15M-26JUL011130-30,NO,sell,1.0,0.27,0.73,0.27,0.27,0.0,0.27,2026-07-01T15:22:46.201204Z,,False
9c537bdf-355e-482b-8a4b-263b7d6a5765,296439a7-b12f-4669-b5d5-5d015f4ed375,KXXRP15M-26JUL011130-30,NO,sell,1.0,0.35,0.65,0.35,0.35,0.0,0.35,2026-07-01T15:21:30.329898Z,,False
520fa58e-f312-5b00-9180-d9aaaf577457,3ce64618-18a6-4415-889b-2d6eee005881,KXDOGE15M-26JUL011130-30,NO,sell,1.0,0.62,0.38,0.62,0.62,0.0165,0.6365,2026-07-01T15:21:28.207901Z,,True
44de1c53-781c-6fef-f0fc-2810812e4dfb,31b1e3d4-676d-4a50-9af0-2fa52c5d73c4,KXBTC15M-26JUL011130-30,NO,sell,1.0,0.62,0.38,0.62,0.62,0.0165,0.6365,2026-07-01T15:18:42.727744Z,,True
de11d554-75cc-4174-a524-d2efe8ac0408,8d019bbc-dcec-435b-884f-71f8ebd11505,KXETH15M-26JUL011130-30,NO,sell,1.0,0.5,0.5,0.5,0.5,0.0175,0.5175,2026-07-01T15:15:42.660021Z,,True
90bc8070-94b3-447c-2050-48030158c202,f5b6925a-ef16-42cc-a861-f25df51a1338,KXSOL15M-26JUL011115-15,NO,sell,1.0,0.021,0.979,0.021,0.021,0.0015,0.022500000000000003,2026-07-01T15:12:37.030416Z,,True
78a1f05a-0730-7f20-8add-5fc3ba28878c,6860663f-feef-4f84-88c7-89174fdae4f6,KXSOL15M-26JUL011115-15,NO,sell,1.0,0.15,0.85,0.15,0.15,0.009,0.159,2026-07-01T15:09:32.176019Z,,True
e487c190-6108-7383-65ea-c85f2d5eb339,a59460db-639c-4f75-b074-61c57a0f00d6,KXSOL15M-26JUL011115-15,NO,sell,1.0,0.22,0.78,0.22,0.22,0.0121,0.2321,2026-07-01T15:04:56.345397Z,,True
c20de81a-75c0-7717-919e-6145be0c8698,758b3972-287d-4edc-8d0f-1c68bf714a48,KXSOL15M-26JUL011115-15,NO,sell,1.0,0.4,0.6,0.4,0.4,0.0168,0.4168,2026-07-01T15:01:51.284027Z,,True
face48cd-ed5c-75a7-d2cb-148d100c75e7,f3dbeeaa-3002-4fd0-9b87-a2f55c877dbf,KXXRP15M-26JUL011115-15,NO,sell,1.0,0.45,0.55,0.45,0.45,0.0174,0.46740000000000004,2026-07-01T15:00:27.020985Z,,True
1007f285-60f8-5cba-451d-b3f6fb832b4d,900b1110-a4fa-464e-b127-9b6cbbcb9842,KXBTC15M-26JUL011115-15,NO,sell,1.0,0.48,0.52,0.48,0.48,0.0175,0.4975,2026-07-01T15:00:26.4912Z,,True
b56f11d1-40df-6ac0-2af2-8af71a922b8a,9359dd5c-6c76-4b0a-8a62-3e8668bd8582,KXXRP15M-26JUL011100-00,NO,sell,1.0,0.1,0.9,0.1,0.1,0.0,0.1,2026-07-01T14:59:29.777597Z,,False
4b9abbac-4dee-6eca-1cd9-b938be7344ed,38021f59-1873-4004-9eaf-c3d538054db5,KXDOGE15M-26JUL011100-00,NO,sell,1.0,0.13,0.87,0.13,0.13,0.0,0.13,2026-07-01T14:56:59.162438Z,,False
ba7cd5d3-0ab3-72da-2fb6-08ab59dfcb99,42ac68e5-aa5a-48d4-aa6b-288c7e849a8d,KXXRP15M-26JUL011100-00,NO,sell,1.0,0.35,0.65,0.35,0.35,0.0,0.35,2026-07-01T14:51:23.952636Z,,False
f8919b64-9438-6e2d-e69e-1922b1b0744e,a0a17240-0965-4cd3-bd03-c4a8c5158dda,KXDOGE15M-26JUL011100-00,NO,sell,1.0,0.35,0.65,0.35,0.35,0.0,0.35,2026-07-01T14:51:01.480727Z,,False
536d0e81-a62d-6baf-36b7-88fe806373bf,60aec3c7-d05c-4b35-ad58-6c5551face6f,KXSOL15M-26JUL011100-00,NO,sell,1.0,0.49,0.51,0.49,0.49,0.0175,0.5075,2026-07-01T14:50:59.204212Z,,True
d2fdf982-8e98-62e2-fde6-1cd655a885b1,d47e93db-05da-49ed-98f6-934c1542de87,KXETH15M-26JUL011100-00,NO,sell,1.0,0.66,0.34,0.66,0.66,0.0158,0.6758000000000001,2026-07-01T14:45:14.023899Z,,True
b020b4b7-2211-7921-4c68-213e5ba6cfd8,f48111f4-8cef-4f59-b47c-b4753f10ddfc,KXBTC15M-26JUL011100-00,NO,sell,1.0,0.64,0.36,0.64,0.64,0.0162,0.6562,2026-07-01T14:45:13.582705Z,,True
8a3160d2-91ff-785c-7eb6-8771a7c89155,f4b16ca3-b072-4b86-8b08-ef9db39fba1d,KXSOL15M-26JUL011045-45,NO,sell,1.0,0.15,0.85,0.15,0.15,0.0,0.15,2026-07-01T14:41:41.455919Z,,False
18e62f1b-4f04-79c1-f07f-df1c5d3b97f8,a2178d94-445b-4fa7-9314-af42a2d71bbb,KXSOL15M-26JUL011045-45,NO,sell,1.0,0.42,0.58,0.42,0.42,0.0171,0.4371,2026-07-01T14:32:07.628752Z,,True
b9b4c42e-14b9-54ed-36c2-c5adad60654e,632c1a00-b34b-4404-ad55-84713ad41e1e,KXETH15M-26JUL011045-45,NO,sell,1.0,0.5,0.5,0.5,0.5,0.0175,0.5175,2026-07-01T14:30:12.383376Z,,True
fc7f94a7-a876-61ed-1b4e-0f1ee4327551,f1d4fc85-bddb-4ab3-ae1e-0dd1034de2c2,KXBTC15M-26JUL011045-45,NO,sell,1.0,0.57,0.43,0.57,0.57,0.0172,0.5871999999999999,2026-07-01T14:30:08.404658Z,,True
5ac00483-459c-7689-b4c2-a029dc162265,2a015b6a-2ff3-4e18-8f54-ef59d623aa4c,KXBTC15M-26JUL011030-30,NO,sell,1.0,0.27,0.73,0.27,0.27,0.0138,0.2838,2026-07-01T14:22:02.409308Z,,True
f8e2171f-5a4b-63a7-2c8a-a85857af3527,833f8227-1a5e-4a7d-a7a6-a67e9a2ab002,KXXRP15M-26JUL011030-30,NO,sell,1.0,0.12,0.88,0.12,0.12,0.0074,0.12739999999999999,2026-07-01T14:20:31.90535Z,,True
a19401ee-5d71-49fb-28fc-920b53182c56,7d1aac29-5bbd-4330-a02b-4b1e0b04b8b9,KXDOGE15M-26JUL011030-30,NO,sell,1.0,0.4,0.6,0.4,0.4,0.0168,0.4168,2026-07-01T14:20:22.865128Z,,True
c406df04-c95e-7170-4819-085832a5a32f,153df748-1f43-4f5d-b231-3de872a2f7be,KXETH15M-26JUL011030-30,NO,sell,1.0,0.26,0.74,0.26,0.26,0.0135,0.2735,2026-07-01T14:20:22.429757Z,,True
04ec44ab-6fe0-5d3c-2575-6c24576022fe,8fa85ab0-9a54-47d6-a626-20bc3667896e,KXETH15M-26JUL011030-30,NO,sell,1.0,0.41,0.59,0.41,0.41,0.017,0.427,2026-07-01T14:17:12.426634Z,,True
f7fc37ee-46b3-70a0-28e8-1ce9ffef41ba,e4c9a10e-2ae7-4f56-a1a8-cb84036d7e8b,KXDOGE15M-26JUL011030-30,NO,sell,1.0,0.55,0.45,0.55,0.55,0.0174,0.5674,2026-07-01T14:15:37.267122Z,,True
7740d18d-c66d-690c-4e25-5b0b0415c850,62020fe6-54a8-4b96-b568-a5af77bf7a68,KXSOL15M-26JUL011015-15,NO,sell,1.0,0.31,0.69,0.31,0.31,0.0,0.31,2026-07-01T14:10:20.529157Z,,False
b5d3957f-33a7-5cca-b4b0-115fcf17bb16,1453af6c-503a-4cd0-a7b2-42a27d6e9612,KXDOGE15M-26JUL011015-15,NO,sell,1.0,0.4,0.6,0.4,0.4,0.0,0.4,2026-07-01T14:10:15.15325Z,,False
5403a59f-ce00-5bd4-84ab-162cbd3201b0,f5839f8c-ad9d-4bce-97a9-45d10f4b2cb4,KXDOGE15M-26JUL011015-15,NO,sell,1.0,0.41,0.59,0.41,0.41,0.0,0.41,2026-07-01T14:10:15.15325Z,,False
fcfd697a-f961-7a47-289d-a58eb6ec31a3,ac363291-dca3-4fa9-ad96-46bfc6505ac6,KXSOL15M-26JUL011015-15,NO,sell,1.0,0.59,0.41,0.59,0.59,0.017,0.607,2026-07-01T14:09:56.289916Z,,True
fe55f30f-cb47-4186-4524-46d64049b00a,a85bb445-ac1a-40a3-b1e5-a8c966c20efb,KXXRP15M-26JUL011015-15,NO,sell,1.0,0.61,0.39,0.61,0.61,0.0167,0.6267,2026-07-01T14:02:06.050382Z,,True
cbe93dd2-93a3-6892-f5a4-29b39ae66de8,e0fe0630-d630-4944-97d7-1bfaea009b01,KXXRP15M-26JUL011000-00,NO,sell,1.0,0.17,0.83,0.17,0.17,0.0099,0.1799,2026-07-01T13:50:16.206424Z,,True
0c125f50-91e1-7dad-9151-8cc225d2067f,6366f9d7-cb48-438f-8f8d-16fb1559b1f3,KXSOL15M-26JUL011000-00,NO,sell,1.0,0.27,0.73,0.27,0.27,0.0,0.27,2026-07-01T13:49:31.751368Z,,False
548e8c52-468a-6a39-efcd-d608fef586e8,94d67507-56b7-4f5f-9f10-57f50e86f4f0,KXXRP15M-26JUL010945-45,NO,sell,1.0,0.13,0.87,0.13,0.13,0.0,0.13,2026-07-01T13:42:41.412743Z,,False
f78d9c86-6a45-5f74-14aa-908b3c185ac4,680e12de-e9a4-4a4a-9016-6e01a4a9d398,KXETH15M-26JUL010945-45,NO,sell,1.0,0.07,0.93,0.07,0.07,0.0,0.07,2026-07-01T13:42:18.618855Z,,False
b4a266f9-8cfb-6bb4-2abb-abd11db9b0b7,19b5b711-061f-49e5-a406-38c807254aec,KXXRP15M-26JUL010945-45,NO,sell,1.0,0.5,0.5,0.5,0.5,0.0175,0.5175,2026-07-01T13:39:10.063134Z,,True
cb7c1b99-f0aa-6b52-e844-37a3de6e2928,29f7c8b0-23ef-4845-9739-f089fe51d683,KXBTC15M-26JUL010945-45,NO,sell,1.0,0.29,0.71,0.29,0.29,0.0145,0.3045,2026-07-01T13:39:09.643144Z,,True
8457f7b7-c85c-4aac-f1ef-2e1f26394b82,7d6ddc11-2d2d-421e-948a-4a2246d9b1c7,KXETH15M-26JUL010945-45,NO,sell,1.0,0.38,0.62,0.38,0.38,0.0165,0.3965,2026-07-01T13:39:04.426129Z,,True
855f0af0-b282-4c38-b6d6-9cac80b52f31,0489c9a4-7f67-4fce-b7d6-56da94b16a91,KXXRP15M-26JUL010945-45,NO,sell,1.0,0.31,0.69,0.31,0.31,0.0,0.31,2026-07-01T13:37:05.972418Z,,False
a8e92cfb-87f5-7fe6-eee1-be4f9ffa2da7,888d687d-88cc-483c-9e7a-a178eb36fd63,KXSOL15M-26JUL010945-45,NO,sell,1.0,0.29,0.71,0.29,0.29,0.0,0.29,2026-07-01T13:37:04.862115Z,,False
04b6319f-8b10-7a95-1d11-3ea3423219a9,ca06d10e-630d-41f3-8afe-fe6cf2bcbd65,KXDOGE15M-26JUL010945-45,NO,sell,1.0,0.43,0.57,0.43,0.43,0.0,0.43,2026-07-01T13:37:04.3829Z,,False
e583acd9-0c29-4c20-efad-fd628578044f,aedb7f9d-9bac-4912-9a02-7846a40808d3,KXSOL15M-26JUL010945-45,NO,sell,1.0,0.4,0.6,0.4,0.4,0.0,0.4,2026-07-01T13:32:23.278902Z,,False
820fc3a5-4ae7-5bde-f847-b14c973a83b5,d96c5dd1-f636-47e8-b4eb-94a7ef025129,KXXRP15M-26JUL010945-45,NO,sell,1.0,0.39,0.61,0.39,0.39,0.0,0.39,2026-07-01T13:32:23.211121Z,,False
17926a54-25e2-5f9b-16d7-0cc6b208c1d6,4510f2c8-769e-46c3-af13-664681d99198,KXBTC15M-26JUL010945-45,NO,sell,1.0,0.59,0.41,0.59,0.59,0.017,0.607,2026-07-01T13:31:14.407326Z,,True
89f6eeb6-c46a-5343-b84a-89c044f44037,cce1bd6b-be0a-4663-8b4c-dd612093f104,KXETH15M-26JUL010945-45,NO,sell,1.0,0.65,0.35,0.65,0.65,0.016,0.666,2026-07-01T13:31:09.087068Z,,True
e0861cbf-9ff1-4e41-12a5-7a5d0597af4c,bb776d31-61e8-4863-a350-2a5836ae267c,KXSOL15M-26JUL010930-30,NO,sell,1.0,0.08,0.92,0.08,0.08,0.0,0.08,2026-07-01T13:26:30.006235Z,,False
1ff70ae8-f4b4-78eb-b116-f6e1fd8ee32e,5b80e965-9cab-4ccb-81d6-0bf872ab0a7e,KXSOL15M-26JUL010930-30,NO,sell,1.0,0.48,0.52,0.48,0.48,0.0175,0.4975,2026-07-01T13:20:48.459485Z,,True
f286c1b6-41c2-6368-dce5-f713b6ba8340,a2a962d7-f261-4965-92b3-513a41ac53e9,KXBTC15M-26JUL010930-30,NO,sell,1.0,0.53,0.47,0.53,0.53,0.0175,0.5475,2026-07-01T13:20:08.424493Z,,True
dc571564-85ba-478e-bebd-b6fd939e2f26,9e8e45f3-d2d3-43a2-8195-3f42f7ab629c,KXDOGE15M-26JUL010930-30,NO,sell,1.0,0.36,0.64,0.36,0.36,0.0162,0.3762,2026-07-01T13:20:04.395506Z,,True
2d5b8a68-382d-5cc4-c695-12ff52aee63c,41ca1c7b-e9d7-45e1-90b5-70123569e8f9,KXXRP15M-26JUL010930-30,NO,sell,1.0,0.56,0.44,0.56,0.56,0.0173,0.5773,2026-07-01T13:20:03.911571Z,,True
6afcfcda-db00-666c-43b4-9e3e9d09a556,08d66c8c-89c2-4b26-b5f3-079c050a188b,KXSOL15M-26JUL010930-30,NO,sell,1.0,0.52,0.48,0.52,0.52,0.0175,0.5375,2026-07-01T13:19:13.428846Z,,True
88aeef48-6311-6a23-2786-45a3ceebf975,8e29ff61-15ea-4800-ac02-c45cc295309d,KXBTC15M-26JUL010930-30,NO,sell,1.0,0.53,0.47,0.53,0.53,0.0175,0.5475,2026-07-01T13:15:23.210584Z,,True
dd928939-6258-7633-05a8-e89b48852854,e356999a-b6fe-4d9f-a7d3-b2c1047365fd,KXDOGE15M-26JUL010930-30,NO,sell,1.0,0.55,0.45,0.55,0.55,0.0174,0.5674,2026-07-01T13:15:19.645014Z,,True
8a71a910-d280-5b7b-d38b-73c27b69cccd,2536484b-83ba-4464-9cba-d5278e9e67fb,KXXRP15M-26JUL010930-30,NO,sell,1.0,0.54,0.46,0.54,0.54,0.0174,0.5574,2026-07-01T13:15:19.205116Z,,True
b9fe0684-1e9f-4d83-3065-b191049dc08b,3f195e64-6f66-417e-a0b7-c9902fc629fc,KXETH15M-26JUL010930-30,NO,sell,1.0,0.47,0.53,0.47,0.47,0.0175,0.4875,2026-07-01T13:15:18.784979Z,,True
3e954047-41b7-58c3-1733-7128500a093b,aa0cf90e-ba1e-4417-aea1-7448358d9b8c,KXETH15M-26JUL010915-15,NO,sell,1.0,0.2,0.8,0.2,0.2,0.0112,0.2112,2026-07-01T13:08:53.477896Z,,True
5f22bd14-6fcd-6bc3-1fc2-74f8372ecc7e,393ccd5f-d469-4a3d-a8cf-17d1a8874c64,KXSOL15M-26JUL010915-15,NO,sell,1.0,0.094,0.906,0.094,0.094,0.006,0.1,2026-07-01T13:08:07.834647Z,,True
fbded48a-47fd-693e-73b8-6a086108cc7c,52a74766-1e4b-4be6-bb46-351b94d1ee56,KXBTC15M-26JUL010915-15,NO,sell,1.0,0.14,0.86,0.14,0.14,0.0085,0.14850000000000002,2026-07-01T13:07:18.264187Z,,True
aaeffe0d-e9fc-487e-d990-4da48d6370db,d5022d57-4060-41d3-9a40-f3e8656eb075,KXDOGE15M-26JUL010915-15,NO,sell,1.0,0.16,0.84,0.16,0.16,0.0095,0.1695,2026-07-01T13:05:57.525267Z,,True
d3233e82-14e6-482d-8e51-7377c8928e74,a73deb45-0243-406f-8e10-614f054f26c6,KXETH15M-26JUL010915-15,NO,sell,1.0,0.2,0.8,0.2,0.2,0.0112,0.2112,2026-07-01T13:05:43.310094Z,,True
262e501e-a0d4-4332-d015-e424da8f5e64,978789c0-3d07-43a9-952b-39e8faf628d6,KXSOL15M-26JUL010915-15,NO,sell,1.0,0.16,0.84,0.16,0.16,0.0095,0.1695,2026-07-01T13:04:57.588477Z,,True
9644b7ea-101e-5c3f-1046-12d92c0238b0,ece1fdae-6aab-4784-a221-39f9c3898289,KXXRP15M-26JUL010915-15,NO,sell,1.0,0.14,0.86,0.14,0.14,0.0085,0.14850000000000002,2026-07-01T13:04:09.347236Z,,True
23b2ba9e-97de-4b58-e3a3-58effe04fd82,eccda8d2-b358-4382-9690-fd4c3ecdaab9,KXETH15M-26JUL010915-15,NO,sell,1.0,0.19,0.81,0.19,0.19,0.0108,0.2008,2026-07-01T13:04:08.905247Z,,True
30d9eb60-359c-6d23-5820-3d775c7812cd,7b10166c-a94e-4b6e-b6f9-56c3b6dfe8e6,KXBTC15M-26JUL010915-15,NO,sell,1.0,0.17,0.83,0.17,0.17,0.0099,0.1799,2026-07-01T13:04:08.465043Z,,True
ed8553fc-6b46-4396-0dad-6f4a0c37c925,b6c0af31-2b01-4178-a700-b7f5d3358e95,KXDOGE15M-26JUL010915-15,NO,sell,1.0,0.16,0.84,0.16,0.16,0.0095,0.1695,2026-07-01T13:04:02.584348Z,,True
e03ee418-f9ac-531a-13b3-946a25af9c45,a938c2ff-07fd-49d0-a9e5-fc935a395cd1,KXXRP15M-26JUL010900-00,NO,sell,1.0,0.29,0.71,0.29,0.29,0.0,0.29,2026-07-01T12:55:58.555612Z,,False
3182924d-054f-61a9-47e5-e0b40edb7485,066aa8d6-aaa6-49f4-bbf0-f6b196af4dcb,KXETH15M-26JUL010900-00,NO,sell,1.0,0.52,0.48,0.52,0.52,0.0175,0.5375,2026-07-01T12:53:02.268841Z,,True
7fc17aac-8701-6d3b-5580-992405e00ce8,80ccf945-7b44-4b4e-b715-df696dcac3b7,KXETH15M-26JUL010900-00,NO,sell,1.0,0.57,0.43,0.57,0.57,0.0172,0.5871999999999999,2026-07-01T12:49:52.243598Z,,True
70399560-196b-4005-9da7-b3dbe0be2705,29301fa6-0adb-4378-8ae1-9829add6c92d,KXETH15M-26JUL010900-00,NO,sell,1.0,0.59,0.41,0.59,0.59,0.017,0.607,2026-07-01T12:48:17.130279Z,,True
d137daa2-1f54-5a35-ab54-12a33a6fd0fb,632ceffa-1161-478e-8ab6-f327ed3d13df,KXSOL15M-26JUL010900-00,NO,sell,1.0,0.59,0.41,0.59,0.59,0.017,0.607,2026-07-01T12:46:42.603878Z,,True
9ff38856-6c2e-73aa-4367-2edba4dbfd52,50787200-60e4-4e0d-bd50-3667b62ab4ee,KXBTC15M-26JUL010900-00,NO,sell,1.0,0.59,0.41,0.59,0.59,0.017,0.607,2026-07-01T12:46:42.125794Z,,True
662c7206-f74a-7251-9d62-57239723e571,2d57de5c-9294-4d7f-8259-cd1c10526184,KXDOGE15M-26JUL010900-00,NO,sell,1.0,0.55,0.45,0.55,0.55,0.0174,0.5674,2026-07-01T12:46:21.053209Z,,True
2ff6e0d9-a87b-6e3b-cece-949f9178d989,a2ab8534-a20e-4af1-b148-ef86b09229a1,KXDOGE15M-26JUL010845-45,NO,sell,1.0,0.31,0.69,0.31,0.31,0.0,0.31,2026-07-01T12:41:16.985105Z,,False
0583d1a0-c863-51f7-ad80-160e7c85c57d,d021a906-6e52-4bd9-a74a-b78e7bac779d,KXXRP15M-26JUL010845-45,NO,sell,1.0,0.32,0.68,0.32,0.32,0.0,0.32,2026-07-01T12:33:49.279277Z,,False
e03deafc-26e3-46eb-c4e4-b76dc7733458,64fb0fda-0ba6-45f5-86f5-cf78b3ec8040,KXDOGE15M-26JUL010845-45,NO,sell,1.0,0.35,0.65,0.35,0.35,0.0,0.35,2026-07-01T12:33:02.861482Z,,False
4086eaaf-5074-793f-ef4e-3f227f07120d,d8a423a4-ebf6-4d3f-95b7-6d1e07bc4be3,KXETH15M-26JUL010845-45,NO,sell,1.0,0.65,0.35,0.65,0.65,0.016,0.666,2026-07-01T12:31:31.528277Z,,True
18d85cee-9048-4742-e066-9ce05b4f59c4,af786bd1-9ce1-4166-939e-6d3a6cc03ce4,KXBTC15M-26JUL010845-45,NO,sell,1.0,0.64,0.36,0.64,0.64,0.0162,0.6562,2026-07-01T12:31:30.963993Z,,True
38c4d892-3cef-76ed-b921-a9452eb8a402,5aa989c7-655e-458b-90d2-de4fe9b98bd6,KXXRP15M-26JUL010830-30,NO,sell,1.0,0.08,0.92,0.08,0.08,0.0,0.08,2026-07-01T12:26:52.677128Z,,False
2c01df06-5145-7bcd-1844-89a35295f967,cc8f6027-b403-4d2e-a743-06ee05b1bd00,KXDOGE15M-26JUL010830-30,NO,sell,1.0,0.16,0.84,0.16,0.16,0.0095,0.1695,2026-07-01T12:22:39.882931Z,,True
99197cc9-bf81-5769-237d-b0c2408a58ac,2a6affaf-411e-4502-a645-7f834d78f519,KXSOL15M-26JUL010830-30,NO,sell,1.0,0.27,0.73,0.27,0.27,0.0138,0.2838,2026-07-01T12:22:14.869902Z,,True
2301dac7-62c9-7a16-51ae-b1b79f0b1ead,661ba42c-8d13-4cf7-bffa-61ed37c80191,KXETH15M-26JUL010830-30,NO,sell,1.0,0.16,0.84,0.16,0.16,0.0095,0.1695,2026-07-01T12:22:00.828255Z,,True
ed3e9acb-b17c-7063-c838-27de3abb5bd7,3f51a499-9556-4e1b-9d9e-45cc27af4490,KXBTC15M-26JUL010830-30,NO,sell,1.0,0.14,0.86,0.14,0.14,0.0085,0.14850000000000002,2026-07-01T12:22:00.38009Z,,True
1abd30dc-62bb-543e-7112-e23cb9412496,74a2571d-5c2b-4410-b32b-03b2c06bafa8,KXBTC15M-26JUL010830-30,NO,sell,1.0,0.24,0.76,0.24,0.24,0.0128,0.25279999999999997,2026-07-01T12:18:50.30261Z,,True
481d8ca8-acab-4224-4ee0-75e7a66920d3,c1020472-6ae1-41d0-b4da-0d87cca74016,KXDOGE15M-26JUL010830-30,NO,sell,1.0,0.21,0.79,0.21,0.21,0.0117,0.22169999999999998,2026-07-01T12:17:39.82566Z,,True
4cab015f-5be1-56e5-8045-fa544a2d3f56,d9122c6f-4e72-475d-8e8a-a14d0ee9d4c1,KXSOL15M-26JUL010830-30,NO,sell,1.0,0.37,0.63,0.37,0.37,0.0164,0.3864,2026-07-01T12:17:29.709652Z,,True
bb04000f-26c9-7474-f8b9-467bbc4f4330,e38f2f7b-09db-4dc5-935d-39db7ce8f12e,KXXRP15M-26JUL010830-30,NO,sell,1.0,0.28,0.72,0.28,0.28,0.0142,0.2942,2026-07-01T12:17:20.006319Z,,True
b2546394-88e2-4e89-7ead-3985eb5a4e53,f81f00a6-27d7-4097-ba47-637532b57989,KXETH15M-26JUL010830-30,NO,sell,1.0,0.23,0.77,0.23,0.23,0.0124,0.2424,2026-07-01T12:17:15.408708Z,,True
50909fb4-85dd-494d-280c-b77a21e363b4,b61106a1-7388-40f2-ac93-6e76efcbccdc,KXETH15M-26JUL010815-15,NO,sell,1.0,0.7,0.3,0.7,0.7,0.0147,0.7147,2026-07-01T12:03:02.464553Z,,True
64e29ecd-f5a3-612a-ca5e-94b3d2e57110,0fa831fc-db9c-4b0b-953d-313796072260,KXBTC15M-26JUL010800-00,NO,sell,1.0,0.53,0.47,0.53,0.53,0.0175,0.5475,2026-07-01T11:49:23.330788Z,,True
a79f6ca5-175f-4aac-2fd6-354932eada8e,b21278d8-c9b3-41e3-acc7-250fc68832c7,KXDOGE15M-26JUL010800-00,NO,sell,1.0,0.53,0.47,0.53,0.53,0.0175,0.5475,2026-07-01T11:48:17.596641Z,,True
96d4e9c4-1c6e-78f6-7cd0-f711e2c3ac56,8d6525f3-499a-4fed-b774-12a7c9c00302,KXSOL15M-26JUL010800-00,NO,sell,1.0,0.49,0.51,0.49,0.49,0.0175,0.5075,2026-07-01T11:47:52.624953Z,,True
e923cfba-b83b-4887-d8c2-64b709128dd1,c04351a7-4ddb-4042-9ea6-f307b55ddb14,KXETH15M-26JUL010800-00,NO,sell,1.0,0.42,0.58,0.42,0.42,0.0171,0.4371,2026-07-01T11:47:48.542735Z,,True
e7172440-d306-4832-9784-e50a1c906a67,1ae5d2a9-939f-42cd-86d5-fb73c34c3585,KXXRP15M-26JUL010745-45,NO,sell,1.0,0.75,0.25,0.75,0.75,0.0132,0.7632,2026-07-01T11:40:03.325166Z,,True
8b26670d-56a9-5678-988d-fe0787e81cda,f0df7282-63eb-443c-8d3e-3a9c508c0598,KXETH15M-26JUL010745-45,NO,sell,1.0,0.75,0.25,0.75,0.75,0.0132,0.7632,2026-07-01T11:39:54.444625Z,,True
c4d08ad1-4b83-79e8-2ecc-de7dfb918287,89a01466-eb04-4e8e-a191-490f397111f4,KXBTC15M-26JUL010745-45,NO,sell,1.0,0.73,0.27,0.73,0.73,0.0138,0.7438,2026-07-01T11:35:08.905338Z,,True
cb7edbf0-9d43-6a4d-ddcd-5bbaccc8d541,99b00b47-c519-4ad9-94a6-6071a051ccfa,KXDOGE15M-26JUL010745-45,NO,sell,1.0,0.63,0.37,0.63,0.63,0.0164,0.6464,2026-07-01T11:33:48.49729Z,,True
c52cde3b-4812-6842-76f4-55befe38f784,a511b6af-480b-4864-bde7-86ff3c6e4c34,KXBTC15M-26JUL010745-45,NO,sell,1.0,0.68,0.32,0.68,0.68,0.0153,0.6953,2026-07-01T11:33:41.443707Z,,True
a18a561d-1141-4ce9-0f79-a1e047e92749,c7d191eb-6624-444f-b3e3-330f7c435495,KXBTC15M-26JUL010730-30,NO,sell,1.0,0.34,0.66,0.34,0.34,0.0,0.34,2026-07-01T11:25:54.903053Z,,False
c1634d1a-70b4-6ebd-645a-af5fc6ca6a0c,e182228a-0ae4-496e-b050-ba38dfbf338e,KXDOGE15M-26JUL010730-30,NO,sell,1.0,0.5,0.5,0.5,0.5,0.0175,0.5175,2026-07-01T11:22:21.349683Z,,True
27a6124b-6215-501b-cb96-d00d3f46f68e,be4c7f92-99e9-4686-97b2-ed8c01074f7a,KXSOL15M-26JUL010730-30,NO,sell,1.0,0.36,0.64,0.36,0.36,0.0162,0.3762,2026-07-01T11:20:46.207514Z,,True
074efe6c-89fd-6de2-9b66-62d70b62816f,2b2b0ec5-74a0-48b4-89a0-b659f17a145c,KXBTC15M-26JUL010730-30,NO,sell,1.0,0.63,0.37,0.63,0.63,0.0164,0.6464,2026-07-01T11:20:10.984686Z,,True
972056ba-befd-72a2-e6d8-ecc71bf2e3be,f6eba006-b883-4f6e-9602-d743a91ff78f,KXSOL15M-26JUL010730-30,NO,sell,1.0,0.39,0.61,0.39,0.39,0.0167,0.4067,2026-07-01T11:17:35.824086Z,,True
ba2bf088-838d-6c96-4880-d7a284586904,483d750c-d4ca-4a90-b97c-22914787f69b,KXETH15M-26JUL010730-30,NO,sell,1.0,0.57,0.43,0.57,0.57,0.0172,0.5871999999999999,2026-07-01T11:16:10.688487Z,,True
4b79868f-f56e-789c-0b54-2a39b496155f,4482d178-fde7-42b6-a3b0-ab67b53db597,KXXRP15M-26JUL010715-15,NO,sell,1.0,0.08,0.92,0.08,0.08,0.0,0.08,2026-07-01T11:13:15.019205Z,,False
6714240b-8f04-52eb-2789-f117d1cbf650,b7ccafa2-1add-41a1-b689-32225cfa0e3c,KXSOL15M-26JUL010715-15,NO,sell,1.0,0.35,0.65,0.35,0.35,0.0,0.35,2026-07-01T11:11:36.294442Z,,False
6ba88ca7-5bbf-7b71-a710-53622a68e28b,ef888c48-40c3-4e2a-8582-93ad52ce2a00,KXBTC15M-26JUL010715-15,NO,sell,1.0,0.38,0.62,0.38,0.38,0.0165,0.3965,2026-07-01T11:10:10.805846Z,,True
dbdb11cb-0576-5ef0-1818-1e279f6c7676,afd9e6ed-93bf-4490-a43d-f6f8ce290dd3,KXDOGE15M-26JUL010715-15,NO,sell,1.0,0.4,0.6,0.4,0.4,0.0168,0.4168,2026-07-01T11:05:16.767326Z,,True
cbee4a10-d665-4b8f-b23a-b5f3f35a1cd9,d34a1294-790a-4290-8cd9-ea4147f4dcd6,KXXRP15M-26JUL010715-15,NO,sell,1.0,0.54,0.46,0.54,0.54,0.0174,0.5574,2026-07-01T11:05:16.209771Z,,True
eed6a873-8348-566c-c877-4b0fd5bab565,7e487513-fe0d-4542-97c3-7bc4b7dc5685,KXBTC15M-26JUL010715-15,NO,sell,1.0,0.49,0.51,0.49,0.49,0.0175,0.5075,2026-07-01T11:00:41.104377Z,,True
6e92c3b1-c112-4012-cc7f-02286c4c348e,e98c2928-0740-401e-9a5e-07dc04591bde,KXDOGE15M-26JUL010715-15,NO,sell,1.0,0.49,0.51,0.49,0.49,0.0175,0.5075,2026-07-01T11:00:30.963736Z,,True
082ba2a0-8199-7963-e2ca-c6f78761008d,3756d479-6c15-4c06-9c28-091caa9183cb,KXXRP15M-26JUL010715-15,NO,sell,1.0,0.68,0.32,0.68,0.68,0.0153,0.6953,2026-07-01T11:00:30.372616Z,,True
7fb52fe1-0dac-7a3f-6f0a-93c089dfae3d,29809b3d-4d4b-4dbe-b311-02b5d87b8cf6,KXETH15M-26JUL010715-15,NO,sell,1.0,0.55,0.45,0.55,0.55,0.0174,0.5674,2026-07-01T11:00:20.258707Z,,True
02388cb0-49c7-639a-21c9-7906a831e7e7,a60a9728-8c1a-4804-b538-a34e8b13a317,KXSOL15M-26JUL010700-00,NO,sell,1.0,0.11,0.89,0.11,0.11,0.0,0.11,2026-07-01T10:58:16.663904Z,,False
e70d8642-b2f1-7748-0f84-40672b8a3043,d304fabb-125c-4f16-a4e3-b4c15fadcd2b,KXBTC15M-26JUL010700-00,NO,sell,1.0,0.09,0.91,0.09,0.09,0.0,0.09,2026-07-01T10:56:25.725502Z,,False
0a1b38c8-b08e-517a-4fe2-31a2f3a21d30,19dcfbf8-6ebb-4a2c-a36f-0705f3bde340,KXETH15M-26JUL010700-00,NO,sell,1.0,0.08,0.92,0.08,0.08,0.0,0.08,2026-07-01T10:55:41.420845Z,,False
4f3ab856-40b8-6b83-a2c1-5026b7d12f62,4949d74e-6514-4a6f-8859-e7a724976d53,KXBTC15M-26JUL010700-00,NO,sell,1.0,0.19,0.81,0.19,0.19,0.0108,0.2008,2026-07-01T10:54:05.868364Z,,True
007991a2-f7cf-65bb-d63c-7e0b814a6510,bdcae882-f41f-4bb6-9951-f24eca28cd57,KXSOL15M-26JUL010700-00,NO,sell,1.0,0.24,0.76,0.24,0.24,0.0128,0.25279999999999997,2026-07-01T10:53:45.895998Z,,True
79356db7-7ad9-556c-c88b-80e6ff5113ac,cd99e6b5-85b6-45ce-9aed-a50a3f0d2ce2,KXXRP15M-26JUL010700-00,NO,sell,1.0,0.09,0.91,0.09,0.09,0.0058,0.0958,2026-07-01T10:52:21.562999Z,,True
93e2ab21-f05e-57aa-1ceb-e54716a20be3,01b9d88d-5df7-4631-a451-771c3448e772,KXDOGE15M-26JUL010700-00,NO,sell,1.0,0.23,0.77,0.23,0.23,0.0124,0.2424,2026-07-01T10:52:12.525233Z,,True
eeec4bc4-d396-5e9c-3f1c-100240733a10,224b1657-d797-4492-a69b-925a9ca37eb0,KXXRP15M-26JUL010645-45,NO,sell,1.0,0.51,0.49,0.51,0.51,0.0175,0.5275,2026-07-01T10:36:24.928501Z,,True
0a15ba79-c970-583c-6a13-0972a697fb35,61a372df-2cb4-47d3-b8e5-ea319dec7a9d,KXETH15M-26JUL010645-45,NO,sell,1.0,0.64,0.36,0.64,0.64,0.0162,0.6562,2026-07-01T10:34:51.744388Z,,True
176b4067-3d44-65e0-6bb1-b9c356f54d4b,c3400950-ba5c-4901-b846-da79ee612b6d,KXBTC15M-26JUL010645-45,NO,sell,1.0,0.61,0.39,0.61,0.61,0.0167,0.6267,2026-07-01T10:34:50.983031Z,,True
0f3d7c0d-08f2-7b2e-e4f1-e77410ec7a3d,936d48b2-ae76-4c04-9e51-1d2fc5809523,KXXRP15M-26JUL010645-45,NO,sell,1.0,0.49,0.51,0.49,0.49,0.0175,0.5075,2026-07-01T10:33:21.403405Z,,True
e37b8d44-b761-66a7-3727-546c0c49f438,cb1400e3-c310-4b83-ac21-c14e4aab33da,KXETH15M-26JUL010630-30,NO,sell,1.0,0.29,0.71,0.29,0.29,0.0145,0.3045,2026-07-01T10:24:40.176437Z,,True
5ed6e42f-203a-6bff-826c-f1be33ceeefd,33221af4-a30a-4b51-8484-73cf21bb8986,KXBTC15M-26JUL010630-30,NO,sell,1.0,0.45,0.55,0.45,0.45,0.0174,0.46740000000000004,2026-07-01T10:24:39.650344Z,,True
824138c3-ac5e-6428-cc93-7c28905e2dd5,762f6299-8a4d-4a4e-90a7-41160581ab5c,KXDOGE15M-26JUL010630-30,NO,sell,1.0,0.29,0.71,0.29,0.29,0.0145,0.3045,2026-07-01T10:24:23.522623Z,,True
fbb2eb71-dccc-4151-eb61-435f3a816bbb,43883678-9d93-40c4-962a-26c2e98df9ae,KXSOL15M-26JUL010630-30,NO,sell,1.0,0.22,0.78,0.22,0.22,0.0121,0.2321,2026-07-01T10:23:04.344088Z,,True
a2f7cd48-e916-7e02-3f6c-88ab84710c51,8d28b30c-0454-4e64-a44a-f55497bfe6b0,KXXRP15M-26JUL010630-30,NO,sell,1.0,0.59,0.41,0.59,0.59,0.017,0.607,2026-07-01T10:19:54.505628Z,,True
ee231e43-54a8-404f-3d96-33956cff974f,865657ae-c82d-46d1-980b-670e5b2fe77b,KXDOGE15M-26JUL010630-30,NO,sell,1.0,0.35,0.65,0.35,0.35,0.0,0.35,2026-07-01T10:17:56.520545Z,,False
bdabf044-d340-5072-7325-29f4b728ec0e,4101ca44-b345-4c70-b378-814780f02d9e,KXSOL15M-26JUL010630-30,NO,sell,1.0,0.34,0.66,0.34,0.34,0.0,0.34,2026-07-01T10:17:08.448957Z,,False
496d986f-501d-644e-6893-9bc27f20cf4c,e6aa55eb-9e89-4aa2-b5b5-39ec39db154b,KXETH15M-26JUL010630-30,NO,sell,1.0,0.52,0.48,0.52,0.52,0.0175,0.5375,2026-07-01T10:16:45.283719Z,,True
67369d76-e920-7fe9-00e4-17bfcd1867d9,e0035ae6-4761-4eb5-abd6-2481652c98bb,KXBTC15M-26JUL010630-30,NO,sell,1.0,0.56,0.44,0.56,0.56,0.0173,0.5773,2026-07-01T10:16:44.725109Z,,True
8d8d68a6-513d-74d1-f3cd-5e26acb4a36b,7225f3f4-2b7d-4d24-9984-2f5fa41b926f,KXETH15M-26JUL010630-30,NO,sell,1.0,0.62,0.38,0.62,0.62,0.0165,0.6365,2026-07-01T10:15:10.355821Z,,True
7c6ef3a2-d260-5497-dec6-1fab334ae2d5,7763cd16-18ff-4531-9728-a2860b779181,KXSOL15M-26JUL010615-15,NO,sell,0.61,0.66,0.34,0.66,0.4026,0.0096,0.4122,2026-07-01T10:06:52.933287Z,,True
95c55857-f416-7eb7-f928-8ca50a9301ad,690c3563-f46c-4e34-9ff8-1bdbef587418,KXDOGE15M-26JUL010615-15,NO,sell,1.0,0.26,0.74,0.26,0.26,0.0135,0.2735,2026-07-01T10:05:48.107692Z,,True
0b20e129-1023-72ad-07ff-8e938c4fa706,b0b80caa-9472-4183-a62a-0977e3be4506,KXXRP15M-26JUL010615-15,NO,sell,1.0,0.37,0.63,0.37,0.37,0.0,0.37,2026-07-01T10:04:27.568684Z,,False
bb035821-8e98-7868-6ad8-56106d2fd5f5,83587197-23c5-4e1a-9fb2-fec7e5887a6d,KXSOL15M-26JUL010615-15,NO,sell,1.0,0.4,0.6,0.4,0.4,0.0,0.4,2026-07-01T10:04:01.489915Z,,False
00474b81-b477-71d8-b8c9-08fe1cc21fbb,1f81041e-ce3b-4f78-8d95-4e86f3f9458c,KXDOGE15M-26JUL010615-15,NO,sell,1.0,0.59,0.41,0.59,0.59,0.017,0.607,2026-07-01T10:00:37.542304Z,,True
58ad0d79-cd8a-60a4-bffa-fadb95934987,9a71eaa2-9605-4ba1-88c8-fbc09d601444,KXBTC15M-26JUL010615-15,NO,sell,1.0,0.68,0.32,0.68,0.68,0.0153,0.6953,2026-07-01T10:00:33.755001Z,,True
a38123a0-8286-5dff-65c5-e21c3474e65f,4c7c59f2-e493-4ef9-961a-2d4aa264237b,KXETH15M-26JUL010600-00,NO,sell,1.0,0.23,0.77,0.23,0.23,0.0,0.23,2026-07-01T09:57:37.689693Z,,False
d327424b-1172-77f6-0b82-05990a65460a,b71d0c7f-fa13-470c-ab88-2fdca101663e,KXSOL15M-26JUL010600-00,NO,sell,1.0,0.31,0.69,0.31,0.31,0.0,0.31,2026-07-01T09:52:08.414301Z,,False
5c000983-5e5d-7fb1-0791-66239d33944a,383a47b7-b53c-4f4b-a79b-4c663657b47e,KXSOL15M-26JUL010600-00,NO,sell,1.0,0.23,0.77,0.23,0.23,0.0,0.23,2026-07-01T09:52:08.414301Z,,False
4a3bd7ee-e4bf-5ec1-2401-0479d78687ce,b34d8627-a6c7-4621-abb6-a8f40700842a,KXBTC15M-26JUL010600-00,NO,sell,1.0,0.35,0.65,0.35,0.35,0.016,0.366,2026-07-01T09:51:11.024442Z,,True
6169d37b-2929-6d9a-fa73-7d91946f0ab0,449e27c3-36a7-4bc1-9a14-e47712dde144,KXETH15M-26JUL010600-00,NO,sell,1.0,0.66,0.34,0.66,0.66,0.0158,0.6758000000000001,2026-07-01T09:48:01.44424Z,,True
47d60fed-e586-75b8-f3c6-6a924131f67f,e58a0a6c-f45a-4f33-9fd3-34274efff0ab,KXBTC15M-26JUL010600-00,NO,sell,1.0,0.51,0.49,0.51,0.51,0.0175,0.5275,2026-07-01T09:48:00.968886Z,,True
ffd67120-88cc-5dca-bb79-b2802aad6b28,ca83d13b-ebb6-4550-8ffe-8b03a19c7a92,KXSOL15M-26JUL010545-45,NO,sell,1.0,0.14,0.86,0.14,0.14,0.0085,0.14850000000000002,2026-07-01T09:38:31.088787Z,,True
19c9dbd7-8f61-7224-da35-19b4b7082687,65a4fef4-17c0-4cf2-9170-47aff6e14217,KXXRP15M-26JUL010545-45,NO,sell,1.0,0.2,0.8,0.2,0.2,0.0,0.2,2026-07-01T09:38:01.46812Z,,False
e253f043-d5a6-50ad-1f33-5ce5ffaa4fe0,b9951faa-a43a-446e-ac1d-7f89ebb0c15a,KXDOGE15M-26JUL010545-45,NO,sell,0.99,0.4,0.6,0.4,0.396,0.0167,0.4127,2026-07-01T09:35:22.621824Z,,True
d048233b-adee-5e38-27f6-0426489be2a2,b9951faa-a43a-446e-ac1d-7f89ebb0c15a,KXDOGE15M-26JUL010545-45,NO,sell,0.01,0.4,0.6,0.4,0.004,0.0002,0.0042,2026-07-01T09:35:22.621824Z,,True
fe2ac10a-005e-4921-403c-2c1dee9763b3,26bc0012-153f-411a-b8ec-a66fd1024ab3,KXSOL15M-26JUL010545-45,NO,sell,1.0,0.12,0.88,0.12,0.12,0.0074,0.12739999999999999,2026-07-01T09:35:22.130176Z,,True
725ea250-e661-761f-d13b-0231d5029ae8,89321004-d7a0-4d1a-9357-c3824ea8ce34,KXETH15M-26JUL010545-45,NO,sell,1.0,0.28,0.72,0.28,0.28,0.0142,0.2942,2026-07-01T09:35:21.665153Z,,True
be5c015a-cd5b-7291-f9b6-6ac94884e5c5,c08e2756-a784-4d2b-9b65-a01a4a27b8a0,KXBTC15M-26JUL010545-45,NO,sell,1.0,0.37,0.63,0.37,0.37,0.0164,0.3864,2026-07-01T09:35:21.163134Z,,True
7b2ebf15-2dad-5eb2-ea3f-88a81f5dd1c8,92dcc343-322e-462d-91ff-2117f51776ac,KXDOGE15M-26JUL010545-45,NO,sell,1.0,0.41,0.59,0.41,0.41,0.017,0.427,2026-07-01T09:32:10.949922Z,,True
bceba5f6-8ecf-5d0b-4b6a-71d22b6f805c,f8c6689f-f0ce-4241-a708-ff50e1980f0c,KXSOL15M-26JUL010545-45,NO,sell,1.0,0.29,0.71,0.29,0.29,0.0,0.29,2026-07-01T09:31:05.171701Z,,False
9982faa3-576a-5934-e38d-f52e70682b04,2c8cbe2f-442a-458c-975e-05ff4b92fe62,KXXRP15M-26JUL010530-30,NO,sell,1.0,0.6,0.4,0.6,0.6,0.0168,0.6168,2026-07-01T09:19:34.459372Z,,True
0c814053-9d5d-760b-8f68-3effd59b29c4,e26c8a53-0e13-4e96-82c2-ec2c040c40e4,KXDOGE15M-26JUL010530-30,NO,sell,1.0,0.49,0.51,0.49,0.49,0.0175,0.5075,2026-07-01T09:19:25.94534Z,,True
5511b2ba-1685-4873-ce00-19f7cff690cc,2a2c475d-86fb-40e6-9cea-3124e4dcd7df,KXSOL15M-26JUL010530-30,NO,sell,1.0,0.36,0.64,0.36,0.36,0.0162,0.3762,2026-07-01T09:18:59.524317Z,,True
0fb95172-f45b-740d-095b-1c23ef9444a9,11cebd47-7f1b-4cbf-aed5-fd7a5ee96412,KXETH15M-26JUL010530-30,NO,sell,1.0,0.46,0.54,0.46,0.46,0.0174,0.47740000000000005,2026-07-01T09:18:49.730009Z,,True
6967ad08-47a1-4ad7-8b94-afd8cd0f164c,3b153105-f8ac-41a1-83fd-c865c2294f06,KXDOGE15M-26JUL010530-30,NO,sell,1.0,0.43,0.57,0.43,0.43,0.0172,0.4472,2026-07-01T09:15:44.36438Z,,True
89b29578-3297-4f95-81bd-2c472969bb0f,fbdf21cc-3974-4389-82e5-53d3456ce0f0,KXETH15M-26JUL010530-30,NO,sell,1.0,0.47,0.53,0.47,0.47,0.0175,0.4875,2026-07-01T09:15:41.283124Z,,True
0b9f68bf-b444-592a-325a-63574b423cbf,3ebe83c1-5c6f-45f8-a4e2-4ab472171a63,KXBTC15M-26JUL010530-30,NO,sell,1.0,0.5,0.5,0.5,0.5,0.0175,0.5175,2026-07-01T09:15:40.557301Z,,True
a3100c50-3fae-563d-9da0-dabc882ed91d,09da7d02-4dd3-45af-9533-a5a561ab7d8d,KXBTC15M-26JUL010515-15,NO,sell,1.0,0.15,0.85,0.15,0.15,0.0,0.15,2026-07-01T09:12:05.813285Z,,False
9a841002-db91-440a-566f-55b4ffece115,1a5473cc-0670-4de0-85be-91ab713ba095,KXXRP15M-26JUL010515-15,NO,sell,1.0,0.1,0.9,0.1,0.1,0.0,0.1,2026-07-01T09:11:06.836497Z,,False
9824c826-98be-452d-1d83-adf59fd6a814,5b7b6dbf-7c54-40a7-a961-28929f983c3b,KXXRP15M-26JUL010515-15,NO,sell,1.0,0.19,0.81,0.19,0.19,0.0108,0.2008,2026-07-01T09:09:05.412173Z,,True
0c233e09-60ea-6072-8df5-b3b98d75193e,a1f7fb0e-1fe3-4916-8ba7-ac6961e39e81,KXETH15M-26JUL010515-15,NO,sell,1.0,0.38,0.62,0.38,0.38,0.0165,0.3965,2026-07-01T09:09:04.659428Z,,True
9b658843-63e2-485b-3286-437258e5205d,3ac52c0b-038b-40f8-a3fb-733f4674c5b8,KXDOGE15M-26JUL010515-15,NO,sell,1.0,0.41,0.59,0.41,0.41,0.017,0.427,2026-07-01T09:08:54.924838Z,,True
f3c1b899-79e2-426f-66a6-c389f130416b,f4017944-7496-4058-b298-feab9b4d6bea,KXBTC15M-26JUL010515-15,NO,sell,1.0,0.29,0.71,0.29,0.29,0.0145,0.3045,2026-07-01T09:08:54.382914Z,,True
9d4488ff-e098-6957-b4b9-088e87748766,7b6bec9f-77c2-4909-8d59-520920df9318,KXXRP15M-26JUL010515-15,NO,sell,1.0,0.46,0.54,0.46,0.46,0.0174,0.47740000000000005,2026-07-01T09:04:19.489516Z,,True
b5ac889a-a93b-6819-2524-832c0b5c89ea,d8051969-afe2-48b9-a3e1-cd5e8074d2ba,KXETH15M-26JUL010515-15,NO,sell,1.0,0.59,0.41,0.59,0.59,0.017,0.607,2026-07-01T09:04:18.950105Z,,True
f64b2afd-4424-688a-a21c-684f052c4f12,a19516af-ddd5-4f1c-90c5-dfa283b16e16,KXXRP15M-26JUL010515-15,NO,sell,1.0,0.35,0.65,0.35,0.35,0.0,0.35,2026-07-01T09:02:14.734536Z,,False
f3b22a93-ec13-413b-efb9-d4053aaca93d,11c15b7f-5866-4257-9d9e-679d8c01821c,KXXRP15M-26JUL010500-00,NO,sell,1.0,0.52,0.48,0.52,0.52,0.0175,0.5375,2026-07-01T08:46:52.990739Z,,True
d4ea17e0-6efc-4a93-126c-42dd0959e629,23c80a9a-ace9-40a8-a372-82c5ed5b192a,KXDOGE15M-26JUL010500-00,NO,sell,1.0,0.6,0.4,0.6,0.6,0.0168,0.6168,2026-07-01T08:46:46.775126Z,,True
54085eb7-7a37-6c8f-e8e7-df6a31d19d90,8b31ac44-8a35-4b19-96b4-6b4ec6993d1b,KXSOL15M-26JUL010500-00,NO,sell,1.0,0.69,0.31,0.69,0.69,0.015,0.705,2026-07-01T08:46:46.165094Z,,True
7be851fb-69db-619e-651c-e45c25e8324a,a9440e6a-4f79-4b4d-b8c6-e27b10e00b2a,KXETH15M-26JUL010500-00,NO,sell,1.0,0.54,0.46,0.54,0.54,0.0174,0.5574,2026-07-01T08:46:45.550116Z,,True
3a87cba7-e560-68c2-048d-54a58ac3aedf,05a8a193-c421-484e-a581-250ca867b408,KXBTC15M-26JUL010500-00,NO,sell,1.0,0.64,0.36,0.64,0.64,0.0162,0.6562,2026-07-01T08:46:45.046316Z,,True
bad10805-6909-60ee-7c24-5ca1b4864717,b990d2cc-2b5b-484d-be2d-579f67c1a6f8,KXDOGE15M-26JUL010400-00,NO,sell,1.0,0.53,0.47,0.53,0.53,0.0175,0.5475,2026-07-01T07:53:16.073079Z,,True
3d17da9c-e1db-4a20-e8f0-7840fb46e39a,d9e23020-bb34-4210-9e0a-6e759d3813b7,KXSOL15M-26JUL010400-00,NO,sell,1.0,0.27,0.73,0.27,0.27,0.0138,0.2838,2026-07-01T07:53:15.454303Z,,True
98c4d473-7897-465e-15e2-05a30543c4ce,effc9400-c2d2-41cc-af5c-38afa83bb3d6,KXETH15M-26JUL010400-00,NO,sell,1.0,0.28,0.72,0.28,0.28,0.0142,0.2942,2026-07-01T07:53:14.855408Z,,True
4fe1557d-df9a-619d-b3be-47ce38fcff1a,d8348285-7b1e-48cf-80b1-4f87ed499958,KXDOGE15M-26JUL010400-00,NO,sell,1.0,0.57,0.43,0.57,0.57,0.0172,0.5871999999999999,2026-07-01T07:51:41.478332Z,,True
bd184110-8928-5f23-c300-d8e8570c8624,9eb42947-9d42-441e-9d67-06586dc7e4d4,KXXRP15M-26JUL010400-00,NO,sell,1.0,0.34,0.66,0.34,0.34,0.0158,0.3558,2026-07-01T07:51:40.75348Z,,True
318f1c95-2b1e-7cff-ff91-c51345f7bb36,220a8ea3-16f6-4c86-9fba-31feb128f5bf,KXSOL15M-26JUL010400-00,NO,sell,1.0,0.29,0.71,0.29,0.29,0.0145,0.3045,2026-07-01T07:51:40.194974Z,,True
68c2777b-2287-48ec-231d-469cf4b96e36,23bb7cad-b1d8-41ae-a81d-5f8620416c01,KXETH15M-26JUL010400-00,NO,sell,1.0,0.33,0.67,0.33,0.33,0.0155,0.34550000000000003,2026-07-01T07:51:39.652749Z,,True
4546a815-e464-63a5-c317-7357534a2928,6a9dfb21-6d06-4a27-9e23-f10e6968abcf,KXBTC15M-26JUL010400-00,NO,sell,1.0,0.24,0.76,0.24,0.24,0.0128,0.25279999999999997,2026-07-01T07:51:39.013593Z,,True
5fee0c8c-7bf4-40ec-4a92-d1f9f29c9260,ea6e62ed-c3af-438c-b8a5-38f558f3f938,KXDOGE15M-26JUL010400-00,NO,sell,1.0,0.57,0.43,0.57,0.57,0.0172,0.5871999999999999,2026-07-01T07:48:28.637224Z,,True
4edc105b-14a4-68f4-67af-b0dd96d126ae,56c2968b-cc2f-49c7-bdf9-e334b2481f88,KXDOGE15M-26JUL010400-00,NO,sell,1.0,0.59,0.41,0.59,0.59,0.017,0.607,2026-07-01T07:46:53.732994Z,,True
3d6f264f-a50e-7086-75bf-50c04eec0428,693ff039-a386-4c63-bad4-44cb09b201aa,KXSOL15M-26JUL010400-00,NO,sell,1.0,0.61,0.39,0.61,0.61,0.0167,0.6267,2026-07-01T07:46:53.206983Z,,True
e01e9bd6-5469-4c04-de41-f28eeb43105a,2cd6d72e-34e8-48fe-bc61-ff94ba45b896,KXETH15M-26JUL010345-45,NO,sell,1.0,0.17,0.83,0.17,0.17,0.0,0.17,2026-07-01T07:41:54.96429Z,,False
28135740-a71a-59e4-48ac-2fb1232df120,a84ea1fc-9d68-4567-be1e-9fe18142a656,KXXRP15M-26JUL010345-45,NO,sell,1.0,0.72,0.28,0.72,0.72,0.0142,0.7342,2026-07-01T07:39:55.697695Z,,True
6a06342c-cb1d-7087-38f5-c74643cb8044,7c3aee98-37fa-4de2-af08-1f0556d53ce7,KXSOL15M-26JUL010345-45,NO,sell,1.0,0.36,0.64,0.36,0.36,0.0162,0.3762,2026-07-01T07:39:55.226834Z,,True
475756fe-a7be-58c5-83ae-78ea4c0a03b3,d6f16561-8acc-44db-82fe-443ba3f8872f,KXETH15M-26JUL010345-45,NO,sell,1.0,0.42,0.58,0.42,0.42,0.0171,0.4371,2026-07-01T07:39:54.720048Z,,True
0998fbc1-55c1-6d21-ab66-fcffce391767,4a03d450-1946-4968-8e6a-93d2f49f6ed3,KXDOGE15M-26JUL010330-30,NO,sell,1.0,0.04,0.96,0.04,0.04,0.0027,0.0427,2026-07-01T07:26:52.440402Z,,True
139f1e00-dba3-532e-cc79-5c9865928fca,2eedc35e-1e4a-48d0-8ca2-eec817044b9a,KXDOGE15M-26JUL010330-30,NO,sell,1.0,0.05,0.95,0.05,0.05,0.0,0.05,2026-07-01T07:25:38.107152Z,,False
086e638f-59ac-466f-c357-7cb36b6fba6c,68c89718-c654-42c2-98ea-71365d68bbae,KXDOGE15M-26JUL010330-30,NO,sell,1.0,0.66,0.34,0.66,0.66,0.0158,0.6758000000000001,2026-07-01T07:20:32.840137Z,,True
02ab267c-13b3-5b5c-102c-829d38158591,38578b09-5247-461d-ae42-71db1c0bd06a,KXBTC15M-26JUL010330-30,NO,sell,1.0,0.51,0.49,0.51,0.51,0.0175,0.5275,2026-07-01T07:20:32.225866Z,,True
19e19276-8bd0-5790-454c-2bd5f417e429,6f080c52-cf8f-47f7-b866-163a5b358370,KXSOL15M-26JUL010330-30,NO,sell,1.0,0.34,0.66,0.34,0.34,0.0158,0.3558,2026-07-01T07:18:58.660241Z,,True
f0cc8c74-b171-4cfd-e7fd-eaf13fd2a20f,dac67cbf-6c80-41b6-9633-ab5ce71d710d,KXETH15M-26JUL010330-30,NO,sell,1.0,0.56,0.44,0.56,0.56,0.0173,0.5773,2026-07-01T07:18:58.052172Z,,True
be87527a-f3a7-6032-7cd0-359aaa313b18,2c7b3066-9f39-4b83-bd28-bfadda5b8415,KXBTC15M-26JUL010330-30,NO,sell,1.0,0.54,0.46,0.54,0.54,0.0174,0.5574,2026-07-01T07:18:57.419205Z,,True
30242b3a-3f47-6446-f444-d92519e33b06,6eb2abcb-87ea-444c-bfc8-64848845cc96,KXXRP15M-26JUL010315-15,NO,sell,1.0,0.24,0.76,0.24,0.24,0.0,0.24,2026-07-01T07:12:34.168955Z,,False
15606b68-507a-68ea-3a45-e582919983b1,fe6a241e-3c8b-435c-8007-293b50e39dd5,KXXRP15M-26JUL010315-15,NO,sell,1.0,0.26,0.74,0.26,0.26,0.0,0.26,2026-07-01T07:12:33.512249Z,,False
3059d404-a2fd-64e6-d4db-e003d3d617f4,1115359d-424a-4be5-9bfe-253b1345b2d4,KXSOL15M-26JUL010315-15,NO,sell,1.0,0.73,0.27,0.73,0.73,0.0138,0.7438,2026-07-01T07:07:05.567679Z,,True
e639d4c8-6af0-7e87-b495-e72ed088bf61,c3aded0d-d4ef-4f36-86c7-34ac5ffa770e,KXSOL15M-26JUL010315-15,NO,sell,1.0,0.47,0.53,0.47,0.47,0.0175,0.4875,2026-07-01T07:05:30.749003Z,,True
563d55cf-330f-5c50-a886-6cad70c64ca2,f2a62579-0c7e-4776-82c0-f54ddd6ff04a,KXXRP15M-26JUL010315-15,NO,sell,1.0,0.65,0.35,0.65,0.65,0.016,0.666,2026-07-01T07:03:56.869181Z,,True
344dbdbd-5825-6972-19f7-ed899fd86c0b,35427970-3f7b-4916-adb5-3665008f2842,KXSOL15M-26JUL010315-15,NO,sell,1.0,0.48,0.52,0.48,0.48,0.0175,0.4975,2026-07-01T07:03:56.372061Z,,True
2af4efda-a595-743e-ead3-0a7a585b93f9,9d7fe1db-5cfb-4dbe-91cb-460b891cfcec,KXETH15M-26JUL010315-15,NO,sell,1.0,0.67,0.33,0.67,0.67,0.0155,0.6855,2026-07-01T07:03:55.868581Z,,True
25470fdf-0ef1-461c-87e3-d2f36e60f03f,13226269-005a-40f7-8a1e-77560fa67fde,KXDOGE15M-26JUL010315-15,NO,sell,1.0,0.45,0.55,0.45,0.45,0.0174,0.46740000000000004,2026-07-01T07:02:22.249604Z,,True
f99972f1-5f00-74e7-65cc-b4dbb4932cb9,f91b1dc2-7085-40d5-8a31-fe0b3721aaa1,KXBTC15M-26JUL010300-00,NO,sell,1.0,0.06,0.94,0.06,0.06,0.0,0.06,2026-07-01T06:56:11.169278Z,,False
84032033-ef9f-5f4b-a8cc-bee9600ff41d,7086cb46-2eee-4451-ad62-f0685de1c695,KXSOL15M-26JUL010300-00,NO,sell,1.0,0.11,0.89,0.11,0.11,0.0,0.11,2026-07-01T06:56:02.814128Z,,False
1969fbd5-e66e-6527-975b-d7143d64a6bc,d3ecaf72-a4bf-4369-b04f-5d6d9014a41c,KXDOGE15M-26JUL010300-00,NO,sell,1.0,0.1,0.9,0.1,0.1,0.0,0.1,2026-07-01T06:55:26.992223Z,,False
f890b670-8f29-56b4-4b01-e6a15dd5eb7f,fe73fc61-e466-44b5-bd42-4ad1a7878e95,KXETH15M-26JUL010300-00,NO,sell,1.0,0.44,0.56,0.44,0.44,0.0173,0.4573,2026-07-01T06:53:45.311016Z,,True
b6297a70-b207-75a5-276e-8d0375a88654,48d532c6-4060-4c1f-a5b4-397b8fc91922,KXXRP15M-26JUL010300-00,NO,sell,1.0,0.53,0.47,0.53,0.53,0.0175,0.5475,2026-07-01T06:52:16.572389Z,,True
48622990-2388-46b4-0504-6a6a65b622be,b91c3748-31da-4054-af82-3e488d4130ba,KXXRP15M-26JUL010215-15,NO,sell,1.0,0.54,0.46,0.54,0.54,0.0174,0.5574,2026-07-01T06:00:36.308681Z,,True
8f76e9a8-cf36-52e4-fe4e-eabbac9561b3,13a287da-77cc-45d3-91ab-3c58623056b3,KXSOL15M-26JUL010215-15,NO,sell,1.0,0.44,0.56,0.44,0.44,0.0173,0.4573,2026-07-01T06:00:26.935089Z,,True
21288202-aca8-7bf3-db2c-7748a7c9f0fc,2efdbc77-e22b-4da1-9e02-a197f601bc4d,KXBTC15M-26JUL010215-15,NO,sell,1.0,0.5,0.5,0.5,0.5,0.0175,0.5175,2026-07-01T06:00:16.609578Z,,True
07e11deb-8e19-769d-7fe5-fc62c12bd72e,8a8296cb-fc1e-4dfc-b198-9ff9ebf444b3,KXXRP15M-26JUL010200-00,NO,sell,1.0,0.16,0.84,0.16,0.16,0.0095,0.1695,2026-07-01T05:52:36.327932Z,,True
83d8ed46-9c58-5565-6119-ad392292d5d8,28659bdf-658e-4724-b024-18b32511fa9c,KXETH15M-26JUL010200-00,NO,sell,1.0,0.69,0.31,0.69,0.69,0.015,0.705,2026-07-01T05:52:26.126236Z,,True
cb8f642a-f23c-7182-e6cc-437f6338fea5,c5988dea-7279-4c7a-9532-592f4c65837b,KXDOGE15M-26JUL010200-00,NO,sell,1.0,0.32,0.68,0.32,0.32,0.0153,0.3353,2026-07-01T05:51:01.271189Z,,True
4b7d61f0-3370-539f-4983-b8a818d7ad3f,0c609c2c-9f78-4613-b40e-253eab5f3879,KXBTC15M-26JUL010200-00,NO,sell,1.0,0.5,0.5,0.5,0.5,0.0175,0.5175,2026-07-01T05:50:50.893616Z,,True
f586f74b-3563-6d2b-96ac-30f500378e60,45029a6c-2a82-4989-8705-4649456b23c1,KXSOL15M-26JUL010200-00,NO,sell,1.0,0.68,0.32,0.68,0.68,0.0153,0.6953,2026-07-01T05:49:26.102169Z,,True
924e10b2-891e-43df-e13c-56daf047df0b,d19defae-da6a-4381-9c66-81c593a4f90b,KXXRP15M-26JUL010200-00,NO,sell,1.0,0.52,0.48,0.52,0.52,0.0175,0.5375,2026-07-01T05:47:55.483661Z,,True
922a875d-0420-662e-32c7-3934909c5961,159e3e9d-2b79-4bbe-a130-e2b6373748d3,KXDOGE15M-26JUL010200-00,NO,sell,1.0,0.55,0.45,0.55,0.55,0.0174,0.5674,2026-07-01T05:47:42.775393Z,,True
dd6a487a-b024-516a-91ff-3973e3ce81f7,d944a61b-4b17-4484-85b2-d7d9eedf280f,KXSOL15M-26JUL010200-00,NO,sell,1.0,0.65,0.35,0.65,0.65,0.016,0.666,2026-07-01T05:47:42.275626Z,,True
e85c5891-1ab1-588a-4c90-6633b9cdb515,6a571f03-9bc5-47c1-bfcb-ddf2409e06cd,KXETH15M-26JUL010200-00,NO,sell,1.0,0.53,0.47,0.53,0.53,0.0175,0.5475,2026-07-01T05:47:41.790423Z,,True
a9c74486-eedc-53af-bce0-327a26445c2d,02bb522b-e983-47d9-8b95-062f9fe83330,KXBTC15M-26JUL010200-00,NO,sell,1.0,0.55,0.45,0.55,0.55,0.0174,0.5674,2026-07-01T05:47:41.313404Z,,True
34c1eb45-37e9-4143-55b5-3fccb0f931d2,368c8802-5560-4849-b8de-09f1b36cc71a,KXXRP15M-26JUL010145-45,NO,sell,1.0,0.24,0.76,0.24,0.24,0.0,0.24,2026-07-01T05:44:18.942554Z,,False
6c3ed389-268d-4a66-1d8a-137950ad8a96,ee381726-c4a0-4810-a54d-fc7678c4fe26,KXDOGE15M-26JUL010145-45,NO,sell,1.0,0.1,0.9,0.1,0.1,0.0,0.1,2026-07-01T05:43:03.307897Z,,False
90d5dbba-0d25-6899-902f-975d058f9ccc,dd5b1175-173c-48bf-92fa-a05aeb9b3f04,KXSOL15M-26JUL010145-45,NO,sell,1.0,0.05,0.95,0.05,0.05,0.0,0.05,2026-07-01T05:42:56.489384Z,,False
5f00b160-ca7b-4859-9fd6-d86efa7bdaf5,013e9b36-c33e-4707-a192-ac5248de2791,KXSOL15M-26JUL010145-45,NO,sell,1.0,0.24,0.76,0.24,0.24,0.0,0.24,2026-07-01T05:40:05.341136Z,,False
c9b35270-a2d7-7b7e-37e0-6e01c2fca55f,735c2eaf-7cc3-4dfa-a371-4d08a8af604d,KXBTC15M-26JUL010145-45,NO,sell,1.0,0.44,0.56,0.44,0.44,0.0173,0.4573,2026-07-01T05:33:29.971581Z,,True
1810ebc8-45dc-7d51-3931-78d15ad337f2,941dc23e-13c3-4fd2-a3b6-0466ee292908,KXXRP15M-26JUL010145-45,NO,sell,1.0,0.48,0.52,0.48,0.48,0.0175,0.4975,2026-07-01T05:30:38.753799Z,,True
e2fd0807-3fe4-60a3-2562-e40574dc2277,ba6dbcee-5c40-4a66-a075-0050b58d2066,KXDOGE15M-26JUL010145-45,NO,sell,1.0,0.65,0.35,0.65,0.65,0.016,0.666,2026-07-01T05:30:21.130896Z,,True
b8f17d6e-e9a5-4f82-10a4-9262966efac6,085f945a-9098-43cc-a955-5880b0b025fb,KXSOL15M-26JUL010145-45,NO,sell,1.0,0.52,0.48,0.52,0.52,0.0175,0.5375,2026-07-01T05:30:20.649698Z,,True
f90b2583-8e85-6a11-9e13-4c00e64191bc,d5e56b0c-936c-493b-82e9-96703b5b499e,KXETH15M-26JUL010145-45,NO,sell,1.0,0.53,0.47,0.53,0.53,0.0175,0.5475,2026-07-01T05:30:20.109646Z,,True
5d0bb15a-1461-605f-931c-775ce536eff3,c051d0d4-e93f-4897-832b-2d38a1938fe3,KXBTC15M-26JUL010145-45,NO,sell,1.0,0.54,0.46,0.54,0.54,0.0174,0.5574,2026-07-01T05:30:19.634826Z,,True
32658193-0e11-4481-b758-08d04d61b40f,25096cc7-3cc6-4200-8fb1-b77c5a34c522,KXXRP15M-26JUL010130-30,NO,sell,1.0,0.38,0.62,0.38,0.38,0.0165,0.3965,2026-07-01T05:19:19.728683Z,,True
0c591f22-791e-629b-a7c0-c5f8352a303a,8e82ce16-2e46-4a46-8c76-038b3337d670,KXSOL15M-26JUL010130-30,NO,sell,1.0,0.38,0.62,0.38,0.38,0.0165,0.3965,2026-07-01T05:19:19.103838Z,,True
0331166b-e71d-53ee-f6ad-2db34aabc78e,fc531d38-44c8-4763-91b2-fcc57612018a,KXETH15M-26JUL010130-30,NO,sell,1.0,0.25,0.75,0.25,0.25,0.0132,0.2632,2026-07-01T05:19:09.171999Z,,True
ae35f20d-aa24-4b5b-f610-adae7e5e32a3,8a0db276-9f62-42c1-9737-b6c344fb69bb,KXBTC15M-26JUL010130-30,NO,sell,1.0,0.32,0.68,0.32,0.32,0.0153,0.3353,2026-07-01T05:19:08.671271Z,,True
fbefa880-19ff-7f41-7f87-a63c22549594,2e79290f-1072-4fd0-b339-ab8268e4f267,KXDOGE15M-26JUL010130-30,NO,sell,1.0,0.45,0.55,0.45,0.45,0.0174,0.46740000000000004,2026-07-01T05:18:48.411202Z,,True
3df40118-b89c-45b5-c0ca-37c604e72f4c,57445707-4ee3-40c5-9f83-e2a351e1bc7f,KXXRP15M-26JUL010115-15,NO,sell,1.0,0.78,0.22,0.78,0.78,0.0121,0.7921,2026-07-01T05:09:48.749347Z,,True
a1fbc0fd-c2b6-4fcc-7881-4a3f6f350b5f,0d1ca08f-babd-42dd-b61d-eba89af2708c,KXSOL15M-26JUL010115-15,NO,sell,1.0,0.54,0.46,0.54,0.54,0.0174,0.5574,2026-07-01T05:09:41.026684Z,,True
ea6cedc0-6a9b-5d26-17d5-660d55ac207d,1c9a9561-cae7-444c-a7e5-78249dbdecdb,KXBTC15M-26JUL010115-15,NO,sell,1.0,0.62,0.38,0.62,0.62,0.0165,0.6365,2026-07-01T05:09:39.809704Z,,True
1e162ac8-e890-63cd-00d7-770fe746d251,ae1f19a4-fddb-4a5a-a443-a4a6f49aa9c0,KXSOL15M-26JUL010115-15,NO,sell,1.0,0.19,0.81,0.19,0.19,0.0108,0.2008,2026-07-01T05:08:05.059506Z,,True
51a93bd6-ee47-7fcc-b6a8-d1340462a5dc,5e3be420-7b86-4f30-8a5b-23b61c00cfa2,KXETH15M-26JUL010115-15,NO,sell,1.0,0.62,0.38,0.62,0.62,0.0165,0.6365,2026-07-01T05:08:04.588479Z,,True
ddabae95-529c-7b60-16b7-45250b4f7663,9bc06b96-91ce-4f6b-ae2a-6e9a686b5f7b,KXBTC15M-26JUL010115-15,NO,sell,1.0,0.36,0.64,0.36,0.36,0.0162,0.3762,2026-07-01T05:08:04.100886Z,,True
df3ff86f-9376-63fc-2ffa-a41271e879b0,cc953448-4405-48fb-ae05-eff0617acf92,KXETH15M-26JUL010115-15,NO,sell,1.0,0.66,0.34,0.66,0.66,0.0158,0.6758000000000001,2026-07-01T05:03:19.71122Z,,True
6e76bff8-029d-5898-8ed1-524ad6077f65,70815625-f84d-44e7-83c3-a522f07896c5,KXBTC15M-26JUL010115-15,NO,sell,1.0,0.68,0.32,0.68,0.68,0.0153,0.6953,2026-07-01T05:03:19.069386Z,,True
45e8df81-17d3-77ef-9eb7-94387f33c861,0368a4e9-6194-4d30-8b87-81a5e3ab03fb,KXXRP15M-26JUL010115-15,NO,sell,1.0,0.47,0.53,0.47,0.47,0.0175,0.4875,2026-07-01T05:01:58.430376Z,,True
8bc78a6b-7644-4349-2951-a8cf8811d0aa,40df4499-e732-4144-aac2-14b2ca90a73f,KXSOL15M-26JUL010115-15,NO,sell,1.0,0.47,0.53,0.47,0.47,0.0175,0.4875,2026-07-01T05:01:49.834429Z,,True
1f337f4b-bc77-5629-a079-6806ca0cbc3b,c981d07f-a805-453c-8d8e-87e22b2cfe3d,KXXRP15M-26JUL010100-00,NO,sell,1.0,0.25,0.75,0.25,0.25,0.0132,0.2632,2026-07-01T04:52:13.509015Z,,True
ded3da31-902f-4843-ebd0-9791135e830f,debecc58-e288-4055-9189-70f1de7fe7c9,KXDOGE15M-26JUL010100-00,NO,sell,1.0,0.21,0.79,0.21,0.21,0.0117,0.22169999999999998,2026-07-01T04:52:03.531583Z,,True
61363530-b684-6e1f-53ab-316e08f62fe5,27d03b9e-4a3e-48bc-b1d7-0bde880772f3,KXSOL15M-26JUL010100-00,NO,sell,1.0,0.18,0.82,0.18,0.18,0.0104,0.19039999999999999,2026-07-01T04:51:55.232258Z,,True
22f6dc5f-e5ac-5fcb-55a5-2e5403174621,8d70a2be-e5c7-453e-b693-c19333388149,KXETH15M-26JUL010100-00,NO,sell,1.0,0.11,0.89,0.11,0.11,0.0069,0.1169,2026-07-01T04:51:54.740116Z,,True
1acd61de-1a1a-7707-1b68-9588a5613e0a,950b251b-785b-4e0c-a6db-ba55338cfba6,KXBTC15M-26JUL010100-00,NO,sell,1.0,0.31,0.69,0.31,0.31,0.015,0.325,2026-07-01T04:51:54.249055Z,,True
1933861a-8572-6330-dae2-057599bcf483,41bb5d30-d96c-4af3-9c91-06fd0bd1f775,KXETH15M-26JUL010100-00,NO,sell,1.0,0.14,0.86,0.14,0.14,0.0085,0.14850000000000002,2026-07-01T04:50:19.253484Z,,True
0549d26e-1cf0-5120-4f81-2d69ffd91b0d,2e963675-5cda-44f5-bae2-db6d09d23b5a,KXXRP15M-26JUL010100-00,NO,sell,1.0,0.27,0.73,0.27,0.27,0.0138,0.2838,2026-07-01T04:49:03.291806Z,,True
37296f3a-df0d-70a9-5e57-c49c4e64c1a5,bb93cd6d-0310-4fce-bc59-440a67ea8d9a,KXDOGE15M-26JUL010100-00,NO,sell,1.0,0.25,0.75,0.25,0.25,0.0132,0.2632,2026-07-01T04:48:54.809297Z,,True
9aec89c6-c666-5e66-61ff-09c6cada0e94,c0a7a353-ad64-4512-b77e-a453ebe807f8,KXSOL15M-26JUL010100-00,NO,sell,1.0,0.23,0.77,0.23,0.23,0.0124,0.2424,2026-07-01T04:48:44.773798Z,,True
85e9f6fc-906a-710a-9d81-802f9a68e442,e3aec37e-2bb9-4fdb-8899-e5a5c5c32398,KXBTC15M-26JUL010100-00,NO,sell,1.0,0.31,0.69,0.31,0.31,0.015,0.325,2026-07-01T04:48:44.153634Z,,True
e568cf7f-ae23-7a3d-fbf2-f6c2bb27373b,c9b46d39-09c6-4c93-9289-3343fdff5e03,KXXRP15M-26JUL010045-45,NO,sell,1.0,0.35,0.65,0.35,0.35,0.0,0.35,2026-07-01T04:31:26.688366Z,,False
aee2f604-1b6c-7966-15f4-50348d92eed7,38fc858f-0619-4c5c-bc19-2bcb67e47bb7,KXSOL15M-26JUL010045-45,NO,sell,1.0,0.34,0.66,0.34,0.34,0.0,0.34,2026-07-01T04:30:49.439189Z,,False
e5285a9a-1380-6eb9-3e3d-7c6eb05d75e7,8ee413a3-4a5d-4857-8792-0067137bd1db,KXSOL15M-26JUL010030-30,NO,sell,1.0,0.45,0.55,0.45,0.45,0.0,0.45,2026-07-01T04:27:50.020919Z,,False
0819b293-a68e-5a78-e6a3-49787101c56c,e0a13f17-d2c4-456d-905c-e1342a83815d,KXDOGE15M-26JUL010000-00,NO,sell,1.0,0.006,0.994,0.006,0.006,0.0005,0.006500000000000001,2026-07-01T03:58:50.33151Z,,True
52f279d1-2759-77a0-9d0b-de3daaf56200,4ded30f6-86ac-4eb3-89ae-5c799cbbc3a1,KXXRP15M-26JUL010000-00,NO,sell,1.0,0.01,0.99,0.01,0.01,0.0007,0.0107,2026-07-01T03:58:49.955543Z,,True
bd45d428-2d34-5bff-3220-1a3beea60fb3,3dda0592-8cad-44d5-ad65-22e3d18cbbd3,KXSOL15M-26JUL010000-00,NO,sell,1.0,0.006,0.994,0.006,0.006,0.0005,0.006500000000000001,2026-07-01T03:58:49.602313Z,,True
2d73f8d4-9293-66cb-7f2b-49748a0af696,7b796c17-0eeb-48aa-b87f-eb7fed7182ce,KXXRP15M-26JUL010000-00,NO,sell,1.0,0.01,0.99,0.01,0.01,0.0007,0.0107,2026-07-01T03:57:16.009817Z,,True
7189d269-7cb0-648e-1824-5164f988c2d3,f95c1314-f823-485b-a2c1-bd83ae272d59,KXETH15M-26JUL010000-00,NO,sell,1.0,0.003,0.997,0.003,0.003,0.0003,0.0033,2026-07-01T03:57:14.857405Z,,True
2316c1e0-110a-6a6d-be50-a9311b9f8829,631017f4-265d-4ba3-800a-cc90531839d4,KXBTC15M-26JUL010000-00,NO,sell,1.0,0.003,0.997,0.003,0.003,0.0003,0.0033,2026-07-01T03:57:14.38992Z,,True
4335151c-1951-569c-b323-61d4c5d7ed4b,09e08c4f-6351-4683-846b-0e0c7115016d,KXETH15M-26JUL010000-00,NO,sell,1.0,0.009,0.991,0.009,0.009,0.0007,0.009699999999999999,2026-07-01T03:55:44.85082Z,,True
8292fb09-7793-66c2-55c0-b466f994cb32,b79f8bfe-9c9d-4acb-b59a-3b47e0d4d765,KXBTC15M-26JUL010000-00,NO,sell,1.0,0.003,0.997,0.003,0.003,0.0003,0.0033,2026-07-01T03:55:44.460703Z,,True
f267ea0a-1f84-47aa-3ce6-17062507db3c,73ab1e60-286d-45c8-9a16-fdcb2ee33c2c,KXXRP15M-26JUN302330-30,NO,sell,1.0,0.44,0.56,0.44,0.44,0.0,0.44,2026-07-01T03:28:37.914665Z,,False
71a2988c-cdde-447a-1cd8-621f8ae31e73,f06e6ce6-fa37-4618-ba28-88d28107f963,KXXRP15M-26JUN302330-30,NO,sell,1.0,0.44,0.56,0.44,0.44,0.0,0.44,2026-07-01T03:28:37.914665Z,,False
c0d31b60-ea3a-668d-3c56-252f9242c2fc,7abb38fe-288b-48a3-afe7-80caa7197694,KXXRP15M-26JUN302330-30,NO,sell,1.0,0.46,0.54,0.46,0.46,0.0,0.46,2026-07-01T03:28:37.904442Z,,False
c120bb99-359b-4e45-67c6-10cc8d972d7d,46001ad4-862a-41a0-b6a8-4e64a6904630,KXSOL15M-26JUN301315-15,NO,sell,1.0,0.051,0.949,0.051,0.051,0.0034,0.0544,2026-06-30T17:10:11.812489Z,,True
de108fad-a6ba-529f-7af2-a6cbb7a90f2f,01c5c4a0-29e9-47f8-b513-5f1c9dcbd5f4,KXSOL15M-26JUN301315-15,NO,sell,1.0,0.03,0.97,0.03,0.03,0.0021,0.0321,2026-06-30T17:09:56.056153Z,,True
500c50c3-d75d-4955-7e5c-1bc5586fadc5,ef76ea81-1d88-4114-b908-b85d3281a77b,KXSOL15M-26JUN301315-15,NO,sell,1.0,0.028,0.972,0.028,0.028,0.002,0.03,2026-06-30T17:09:51.055896Z,,True
71c24f91-9820-7a79-25b3-31689a6de23c,87d96972-c3c0-4d82-a264-e2b014af2752,KXSOL15M-26JUN301315-15,NO,sell,1.0,0.032,0.968,0.032,0.032,0.0022,0.0342,2026-06-30T17:09:47.015632Z,,True
0a852830-8cfa-6e93-742d-5b5273d56e10,73669a1a-8cef-487b-bbdd-da7188ac6e40,KXSOL15M-26JUN301315-15,NO,sell,1.0,0.033,0.967,0.033,0.033,0.0023,0.0353,2026-06-30T17:09:41.201774Z,,True
0fd9ccfb-d328-69a3-ab0f-46b78bb9804b,2322a3c1-fba2-4ac6-8b7b-a107c0a5038a,KXDOGE15M-26JUN301300-00,NO,sell,1.0,0.001,0.999,0.001,0.001,0.0001,0.0011,2026-06-30T16:59:13.768741Z,,True
ff371a2b-df46-46cb-4d47-50e21b83c42e,2cd4b569-d6b1-420c-bd07-0c3c135a5ce6,KXXRP15M-26JUN301300-00,NO,sell,1.0,0.008,0.992,0.008,0.008,0.0006,0.0086,2026-06-30T16:59:13.410593Z,,True
89fef99e-d86c-555b-a7bf-ebcc7dc465cb,42ab6e98-b973-45f8-8857-8a593d3a7aea,KXDOGE15M-26JUN301300-00,NO,sell,1.0,0.001,0.999,0.001,0.001,0.0001,0.0011,2026-06-30T16:59:09.176314Z,,True
07eb23c3-d58a-515f-5e4a-ec679094c84e,d2e3bb13-d402-47e9-b9c4-631d719f9ffe,KXXRP15M-26JUN301300-00,NO,sell,1.0,0.008,0.992,0.008,0.008,0.0006,0.0086,2026-06-30T16:59:08.799579Z,,True
ba9aab30-4c94-4d8f-c7f9-80a073debbaf,4e727a33-1c4d-43cd-9046-10823ebccd73,KXDOGE15M-26JUN301300-00,NO,sell,1.0,0.001,0.999,0.001,0.001,0.0001,0.0011,2026-06-30T16:59:03.016196Z,,True
cfba6bed-9000-7e47-12ef-b20ee665c0ab,933a4a04-6b68-4f3f-a503-9c299bd213b2,KXDOGE15M-26JUN301300-00,NO,sell,1.0,0.001,0.999,0.001,0.001,0.0001,0.0011,2026-06-30T16:58:57.910899Z,,True
c5f66ebc-b7e4-602b-4f54-9e7220ac420b,51a94b50-2291-48a4-b26d-5736aa60731a,KXDOGE15M-26JUN301300-00,NO,sell,1.0,0.001,0.999,0.001,0.001,0.0001,0.0011,2026-06-30T16:58:53.715727Z,,True
738b9e78-af79-6758-1399-04d44370fd94,4cc5e726-acb0-48a4-a37a-6aba698c664d,KXXRP15M-26JUN301300-00,NO,sell,1.0,0.01,0.99,0.01,0.01,0.0007,0.0107,2026-06-30T16:58:53.338029Z,,True
8945e688-05b4-6c33-3f22-94068b25150f,4285a95d-0e05-4ba2-ae70-d5ab808226db,KXDOGE15M-26JUN301300-00,NO,sell,1.0,0.001,0.999,0.001,0.001,0.0001,0.0011,2026-06-30T16:58:48.818474Z,,True
060d0e3b-b6ef-481d-19c2-0b51c2b5080a,0fdd76f2-c9a8-420c-a06f-9370ef492c8a,KXETH15M-26JUN301300-00,NO,sell,1.0,0.003,0.997,0.003,0.003,0.0003,0.0033,2026-06-30T16:58:47.994212Z,,True
eaa1018c-82c8-5d96-3421-f70566b5855a,7f58a608-0d6b-476e-afa3-8100dffe15a3,KXDOGE15M-26JUN301300-00,NO,sell,1.0,0.006,0.994,0.006,0.006,0.0005,0.006500000000000001,2026-06-30T16:58:44.129752Z,,True
114570fb-b9f6-7d20-0b52-3bce77238f78,039ae0ef-62fb-4d1d-acb9-ebfbc993b540,KXETH15M-26JUN301300-00,NO,sell,1.0,0.004,0.996,0.004,0.004,0.0003,0.0043,2026-06-30T16:58:43.295735Z,,True
acc0a93d-7e00-6a82-7b8c-09adb2e2f3b6,eec0cc24-7259-4aab-bc48-feaaeaebc818,KXDOGE15M-26JUN301300-00,NO,sell,1.0,0.006,0.994,0.006,0.006,0.0005,0.006500000000000001,2026-06-30T16:58:38.674162Z,,True
12247da4-eea1-7d0d-2e9f-82b9859efd8f,b4f4cfe0-5a4b-4c96-a6ce-783c56c300cd,KXXRP15M-26JUN301300-00,NO,sell,1.0,0.002,0.998,0.002,0.002,0.0002,0.0022,2026-06-30T16:58:38.091243Z,,True
943d891d-bf6c-5c8a-8915-108f2f4f6a9a,e0ff842c-4202-4729-80ee-b8e24d80ae53,KXDOGE15M-26JUN301300-00,NO,sell,1.0,0.006,0.994,0.006,0.006,0.0005,0.006500000000000001,2026-06-30T16:58:34.191491Z,,True
738ad15f-d669-5509-96ca-8484dcf8326b,ec9f64de-9479-4697-88db-39b3009ab334,KXXRP15M-26JUN301300-00,NO,sell,1.0,0.002,0.998,0.002,0.002,0.0002,0.0022,2026-06-30T16:58:33.733026Z,,True
213dbfaf-7f57-41d4-e321-c267fc39b89b,83684301-9788-408d-96ef-2393a2b4f55c,KXETH15M-26JUN301300-00,NO,sell,1.0,0.002,0.998,0.002,0.002,0.0002,0.0022,2026-06-30T16:58:32.989844Z,,True
59953493-cb2d-66c0-aae2-db051a321730,86424d9c-75a5-48c2-8d24-9d4e3fdcdce4,KXXRP15M-26JUN301300-00,NO,sell,1.0,0.01,0.99,0.01,0.01,0.0007,0.0107,2026-06-30T16:58:29.371077Z,,True
7476dd74-fec1-60f4-aa46-65414421a208,8d3ab7e5-b8de-494f-8d0d-b2df285831aa,KXXRP15M-26JUN301300-00,NO,sell,1.0,0.01,0.99,0.01,0.01,0.0007,0.0107,2026-06-30T16:58:24.353001Z,,True
9e1ab3b6-e540-7c04-45ef-6446e434be41,6864d4fb-323b-4f87-b1c6-670e9955fea9,KXETH15M-26JUN301300-00,NO,sell,1.0,0.002,0.998,0.002,0.002,0.0002,0.0022,2026-06-30T16:58:23.47033Z,,True
afffc812-5605-45e3-81c6-47bc53624862,c42a8b10-de33-43b4-84a5-3079d668da2a,KXETH15M-26JUN301300-00,NO,sell,1.0,0.002,0.998,0.002,0.002,0.0002,0.0022,2026-06-30T16:58:18.550964Z,,True
ded50d2e-dbfb-5b8b-f2c1-09a6096568c4,8402b2b2-030f-47a6-9ad3-5624415e80a8,KXETH15M-26JUN301300-00,NO,sell,1.0,0.002,0.998,0.002,0.002,0.0002,0.0022,2026-06-30T16:58:13.670719Z,,True
bc615986-7274-72e5-0e13-1308d376d6bc,17f2be63-9437-4c6f-ab59-2affd2091c92,KXXRP15M-26JUN301300-00,NO,sell,1.0,0.01,0.99,0.01,0.01,0.0007,0.0107,2026-06-30T16:58:09.132643Z,,True
1d8bdb70-fafc-5add-e237-9f3a3b9ccccc,3f881ede-3615-4661-9050-09f368339a0e,KXXRP15M-26JUN301300-00,NO,sell,1.0,0.01,0.99,0.01,0.01,0.0007,0.0107,2026-06-30T16:58:04.054146Z,,True
cbff4592-a91e-4e68-9371-0269cbcd4540,35346db5-26c1-41cf-8ab1-259226a807ce,KXETH15M-26JUN301300-00,NO,sell,1.0,0.004,0.996,0.004,0.004,0.0003,0.0043,2026-06-30T16:58:03.256653Z,,True
9f048b5c-c66c-6dd1-92b5-8831d3c7a638,1f2bcad5-3931-4ba2-8c70-8c31922540b3,KXXRP15M-26JUN301300-00,NO,sell,1.0,0.01,0.99,0.01,0.01,0.0007,0.0107,2026-06-30T16:57:59.172207Z,,True
a984886a-55b8-688b-6df0-fccf5b08d3a2,339a3fe3-1496-493c-bd7c-b6027023234b,KXETH15M-26JUN301300-00,NO,sell,1.0,0.002,0.998,0.002,0.002,0.0002,0.0022,2026-06-30T16:57:58.397046Z,,True
3d0d2e7c-0c0c-53c8-0b8a-6f2ac0d0601e,09913573-713a-44ca-a878-5f70bf6dcf89,KXXRP15M-26JUN301300-00,NO,sell,1.0,0.009,0.991,0.009,0.009,0.0007,0.009699999999999999,2026-06-30T16:57:53.731202Z,,True
7ff3359e-5414-7caa-cb1f-a73a55d0c9bb,f8b7e086-fde9-4d72-955b-050ee93b6be3,KXETH15M-26JUN301300-00,NO,sell,1.0,0.007,0.993,0.007,0.007,0.0005,0.0075,2026-06-30T16:57:53.032745Z,,True
d3473e14-e1ef-52da-125f-a3e43e78d9cf,dd1b70df-472a-46f5-a8c1-c9725cd4e08b,KXXRP15M-26JUN301300-00,NO,sell,1.0,0.008,0.992,0.008,0.008,0.0006,0.0086,2026-06-30T16:57:49.12699Z,,True
d4b68be3-af1f-6429-8d71-99ce40b755e0,551dd9f0-3041-4bc1-83cd-665fd971e7d7,KXETH15M-26JUN301300-00,NO,sell,1.0,0.002,0.998,0.002,0.002,0.0002,0.0022,2026-06-30T16:57:48.608676Z,,True
e85dd762-7db5-68cb-4da9-97e7a0b3ffee,1308cfca-5e40-4a25-ba51-e90275402a59,KXXRP15M-26JUN301300-00,NO,sell,1.0,0.008,0.992,0.008,0.008,0.0006,0.0086,2026-06-30T16:57:43.53008Z,,True
24def291-6d4d-56f1-eb8b-56736d82f6b7,73772186-265b-476d-9a35-f6086eeebfb3,KXETH15M-26JUN301300-00,NO,sell,1.0,0.006,0.994,0.006,0.006,0.0005,0.006500000000000001,2026-06-30T16:57:43.172073Z,,True
77d9c0b7-f74d-6d9b-db67-9fdcee2d947e,b4e9ca3f-3cfe-4b71-9fe2-6b0ca6e7b0bd,KXXRP15M-26JUN301300-00,NO,sell,1.0,0.008,0.992,0.008,0.008,0.0006,0.0086,2026-06-30T16:57:38.811471Z,,True
fd39ca95-1a2b-40e6-1776-e75a10ca238e,a34ab090-a253-4357-aba4-d2a55f57cb1e,KXETH15M-26JUN301300-00,NO,sell,1.0,0.002,0.998,0.002,0.002,0.0002,0.0022,2026-06-30T16:57:38.460798Z,,True
1bc0a28d-2757-54b9-d369-7cb56b060b09,570aec63-e3d8-44b4-92a9-c573eb309057,KXDOGE15M-26JUN301300-00,NO,sell,1.0,0.008,0.992,0.008,0.008,0.0006,0.0086,2026-06-30T16:57:33.152191Z,,True
eddf2a10-bbd4-5649-1e13-4ebf7543ab91,ca42c039-8ccd-4abf-9f64-cc7f96668819,KXETH15M-26JUN301145-45,NO,sell,1.0,0.4,0.6,0.4,0.4,0.0,0.4,2026-06-30T15:43:39.097657Z,,False
ba365c15-c073-5887-1b24-20b030172045,9dabb63c-f76a-4471-9a53-a270d33203cd,KXETH15M-26JUN301145-45,NO,sell,1.0,0.4,0.6,0.4,0.4,0.0,0.4,2026-06-30T15:43:39.097657Z,,False
b8f3ac98-b4d3-5708-1147-0ac4268489c2,9f6e46b1-83ca-4bfe-9030-8804c5a1aa4a,KXETH15M-26JUN301145-45,NO,sell,1.0,0.4,0.6,0.4,0.4,0.0,0.4,2026-06-30T15:43:39.097657Z,,False
1932f884-d017-53b1-03d6-456676054d5c,3eaf12ad-e70e-4f47-82a1-c7a695206ed4,KXETH15M-26JUN301145-45,NO,sell,1.0,0.4,0.6,0.4,0.4,0.0,0.4,2026-06-30T15:43:39.097657Z,,False
bdf2771d-d05b-4528-4a23-0eaf5f332618,86978628-51da-483a-a357-c826613bc7fc,KXSOL15M-26JUN301145-45,NO,sell,1.0,0.36,0.64,0.36,0.36,0.0,0.36,2026-06-30T15:43:20.439913Z,,False
a89fc711-9d76-4328-7561-e88281a18a05,93fa3624-1cf7-4e3a-9c15-2e0bbfa96be1,KXSOL15M-26JUN301145-45,NO,sell,1.0,0.36,0.64,0.36,0.36,0.0,0.36,2026-06-30T15:43:20.439913Z,,False
db96a98c-d514-5aa3-32fb-a9a3d022473e,4961c0ef-3df5-4419-8005-c0fb5efa92ae,KXSOL15M-26JUN301145-45,NO,sell,1.0,0.4,0.6,0.4,0.4,0.0,0.4,2026-06-30T15:43:20.433519Z,,False
b28d71fd-5dd7-58cf-23b9-38ea89698dd0,207a189e-b536-4675-9147-51b207b15840,KXSOL15M-26JUN301145-45,NO,sell,1.0,0.4,0.6,0.4,0.4,0.0,0.4,2026-06-30T15:43:20.433519Z,,False
a0f9ac19-7e49-51de-3f6c-7b4576df3a20,320ec57a-96a8-4f64-8d92-121df807efb0,KXSOL15M-26JUN301145-45,NO,sell,1.0,0.39,0.61,0.39,0.39,0.0,0.39,2026-06-30T15:43:20.433519Z,,False
f53383bd-f57b-6bb2-7a43-c7bd70911ece,85feabc1-84b6-4bfc-b603-e0391e7926a6,KXBTC15M-26JUN301145-45,NO,sell,1.0,0.36,0.64,0.36,0.36,0.0,0.36,2026-06-30T15:42:55.193552Z,,False
8b2ae70e-eebf-63f6-78c5-30db4c48e439,fbe7cf72-9f72-43b8-b485-175f22a0dc51,KXBTC15M-26JUN301145-45,NO,sell,1.0,0.36,0.64,0.36,0.36,0.0,0.36,2026-06-30T15:42:55.193552Z,,False
2c8577ae-567b-6dc0-46f1-322ebfe543ca,5c485fd2-27b6-4d8e-8ab1-15aad10d7ba2,KXBTC15M-26JUN301145-45,NO,sell,1.0,0.36,0.64,0.36,0.36,0.0,0.36,2026-06-30T15:42:55.193552Z,,False
cbccb46c-d1dc-56fd-6ac0-051f9dfd461d,29f0adbe-404d-43ff-97fa-10175de4318d,KXDOGE15M-26JUN301145-45,NO,sell,1.0,0.2,0.8,0.2,0.2,0.0,0.2,2026-06-30T15:42:35.208409Z,,False
5db67bdc-b3be-4653-77bd-1f6780db70fc,37caa4e6-a053-4099-be5f-2353587f3588,KXSOL15M-26JUN301130-30,NO,sell,1.0,0.005,0.995,0.005,0.005,0.0004,0.0054,2026-06-30T15:29:02.558065Z,,True
2bb1215b-f787-53e9-dc36-5ccf9262dede,1a9fe211-3e25-44c1-9b44-1ef80e96c45b,KXSOL15M-26JUN301130-30,NO,sell,1.0,0.006,0.994,0.006,0.006,0.0005,0.006500000000000001,2026-06-30T15:28:57.314899Z,,True
74349830-dbbd-4ed8-f8a7-7af3fe26331b,23c9294a-db90-45c6-bf06-92ba1a8f6c8f,KXETH15M-26JUN301130-30,NO,sell,1.0,0.17,0.83,0.17,0.17,0.0,0.17,2026-06-30T15:28:53.278374Z,,False
71ff1f02-3834-5af0-bba7-bb9e453ee133,3da04637-9729-47de-b305-6ac2d26a20b3,KXETH15M-26JUN301130-30,NO,sell,1.0,0.19,0.81,0.19,0.19,0.0,0.19,2026-06-30T15:28:52.374346Z,,False
68e08e2d-5335-5946-b55a-bbfa53c94d73,24bfd718-fc28-4468-bdf8-6aa6c49d8cf3,KXETH15M-26JUN301130-30,NO,sell,1.0,0.19,0.81,0.19,0.19,0.0,0.19,2026-06-30T15:28:52.374346Z,,False
1d5fa6f9-a127-7331-d949-881cb8944cde,572443f9-ab8d-4cf7-9a1b-ebccc42b60db,KXSOL15M-26JUN301130-30,NO,sell,1.0,0.006,0.994,0.006,0.006,0.0005,0.006500000000000001,2026-06-30T15:28:52.312676Z,,True
712c333a-4ca3-745d-f83a-48aa3dadaea2,cc38a689-50ec-4d2c-9247-1be165651844,KXSOL15M-26JUN301130-30,NO,sell,1.0,0.007,0.993,0.007,0.007,0.0005,0.0075,2026-06-30T15:28:38.163448Z,,True
69e604b1-07af-5c35-ca3e-4ff59398f072,ca0a2b6b-822f-4736-9ec6-1a368ee84ff0,KXSOL15M-26JUN301130-30,NO,sell,1.0,0.007,0.993,0.007,0.007,0.0005,0.0075,2026-06-30T15:28:32.701745Z,,True
f35db7a1-80b3-7401-6eac-4617842a2626,2ca4c7af-a3e8-4d3b-b7e2-984e0b04fa65,KXSOL15M-26JUN301130-30,NO,sell,1.0,0.007,0.993,0.007,0.007,0.0005,0.0075,2026-06-30T15:28:28.20391Z,,True
0cb67ec2-a927-6b1d-5ebd-969f8a0702b2,935e35f7-698d-4afc-bbe6-ec6c088fb340,KXSOL15M-26JUN301130-30,NO,sell,1.0,0.007,0.993,0.007,0.007,0.0005,0.0075,2026-06-30T15:28:22.886941Z,,True
3907c6a6-1aaf-5ba1-ee02-ad567e661ea2,1e325bee-456f-46d3-97c9-229e7597f444,KXSOL15M-26JUN301130-30,NO,sell,1.0,0.008,0.992,0.008,0.008,0.0006,0.0086,2026-06-30T15:28:12.050334Z,,True
43d90a25-0a1b-7b69-9a77-dc8bc7380cde,0085e8ce-8142-4ee1-8ad4-7ee91bc070db,KXSOL15M-26JUN301130-30,NO,sell,1.0,0.008,0.992,0.008,0.008,0.0006,0.0086,2026-06-30T15:28:07.050592Z,,True
b38261bb-94fb-505c-fb7b-609d8b22141d,9c854c9f-c923-44fa-908b-0b7e6d0448cf,KXSOL15M-26JUN301115-15,NO,sell,1.0,0.002,0.998,0.002,0.002,0.0002,0.0022,2026-06-30T15:14:57.718904Z,,True
84281edb-001b-65aa-268d-cfdb97845d0d,34b16cb0-8a75-49d0-a66b-c5c5294b9a15,KXETH15M-26JUN301115-15,NO,sell,1.0,0.001,0.999,0.001,0.001,0.0001,0.0011,2026-06-30T15:14:52.935114Z,,True
7dc07348-fdd3-4180-c9fb-56b62a368116,d6df9dee-d9da-4b52-a8e8-ea42c7b32ebe,KXDOGE15M-26JUN301115-15,NO,sell,1.0,0.12,0.88,0.12,0.12,0.0,0.12,2026-06-30T15:13:01.372674Z,,False
43ba27e4-121d-552d-620e-a075906414d2,0d26615f-4684-49e7-ab21-90277f09f4ce,KXDOGE15M-26JUN301115-15,NO,sell,0.9,0.19,0.81,0.19,0.171,0.0,0.171,2026-06-30T15:12:22.459104Z,,False
a6e4beb5-3095-5989-e4c8-764eef1c767a,0d26615f-4684-49e7-ab21-90277f09f4ce,KXDOGE15M-26JUN301115-15,NO,sell,0.1,0.19,0.81,0.19,0.019000000000000003,0.0,0.019000000000000003,2026-06-30T15:12:22.320221Z,,False
b1feea39-81a0-40b5-f6c8-d32472bfef61,d6a5efb4-3601-4fdb-9316-ef39d59370a1,KXDOGE15M-26JUN301115-15,NO,sell,1.0,0.19,0.81,0.19,0.19,0.0,0.19,2026-06-30T15:12:21.522342Z,,False
b13f26b2-5130-6073-a74e-4074a1c30369,5fd87920-b199-4cdd-b9f0-207124f5b5c5,KXDOGE15M-26JUN301115-15,NO,sell,1.0,0.25,0.75,0.25,0.25,0.0,0.25,2026-06-30T15:12:20.265993Z,,False
1acdc4f6-d54f-5dcf-1293-4fee1b8bc985,e444d9a0-0d3e-4885-b8e3-b8efb4f27289,KXXRP15M-26JUN301115-15,NO,sell,1.0,0.34,0.66,0.34,0.34,0.0,0.34,2026-06-30T15:01:16.01238Z,,False
5b5075da-0b13-4029-7e68-33c400f0b8e9,2f9cdb22-11c2-412a-b59c-6576e63f7f56,KXSOL15M-26JUN301030-30,NO,sell,1.0,0.001,0.999,0.001,0.001,0.0001,0.0011,2026-06-30T14:29:25.28872Z,,True
50f003f7-1b8b-6a1d-1dca-233655055989,6d74c6a9-55e4-4ba7-ad74-e14a7342070e,KXSOL15M-26JUN301030-30,NO,sell,1.0,0.001,0.999,0.001,0.001,0.0001,0.0011,2026-06-30T14:29:21.070122Z,,True
8ff54752-1fe3-44c9-64a8-04f221066a01,1ab59780-14fe-4012-b32c-68bb6e42cbec,KXSOL15M-26JUN301030-30,NO,sell,1.0,0.001,0.999,0.001,0.001,0.0001,0.0011,2026-06-30T14:29:10.512591Z,,True
fb8b42c9-195f-76a9-3fd0-978f084ff1ef,8a27eab6-677e-4df1-a2fd-b4dbdd6b0208,KXXRP15M-26JUN301030-30,NO,sell,1.0,0.008,0.992,0.008,0.008,0.0006,0.0086,2026-06-30T14:29:04.953947Z,,True
51b80618-4f78-4073-6b91-6d7a9cfd9b4d,b986373e-f330-40d9-b141-d3e366e9b3cf,KXSOL15M-26JUN301030-30,NO,sell,1.0,0.001,0.999,0.001,0.001,0.0001,0.0011,2026-06-30T14:28:55.037803Z,,True
92396623-ac59-4641-4891-d28f15129608,a4abc63e-df3d-429a-b328-6132eec8e075,KXXRP15M-26JUN301030-30,NO,sell,1.0,0.01,0.99,0.01,0.01,0.0007,0.0107,2026-06-30T14:28:50.274156Z,,True
45f7be53-b7c0-4fef-1623-3971472538b1,7c95d92c-0d1e-433e-ae2d-46e1901f9b30,KXSOL15M-26JUN301030-30,NO,sell,1.0,0.001,0.999,0.001,0.001,0.0001,0.0011,2026-06-30T14:28:49.852387Z,,True
cf4328fb-2cad-6428-1398-7e3b8750e7d1,22490cd0-8517-4899-a794-297296fa87f1,KXSOL15M-26JUN301030-30,NO,sell,1.0,0.004,0.996,0.004,0.004,0.0003,0.0043,2026-06-30T14:28:46.874741Z,,True
afc4139a-4fe9-44ab-7c1c-9298caf4f4fc,3a4c4aff-ef85-411d-b12c-5a263872fdd2,KXETH15M-26JUN300545-45,NO,sell,1.0,0.002,0.998,0.002,0.002,0.0002,0.0022,2026-06-30T09:44:32.421223Z,,True
c0f94bc6-904d-7d63-5312-f596fc2f1598,21831ce8-d86c-4f6f-baef-c3e5b5c4058b,KXETH15M-26JUN300545-45,NO,sell,1.0,0.002,0.998,0.002,0.002,0.0002,0.0022,2026-06-30T09:44:27.246911Z,,True
7fa6479a-cd9c-4971-dcda-97212545434f,fd1691f4-06be-43f9-9f99-d32d25a7d6af,KXDOGE15M-26JUN300545-45,NO,sell,1.0,0.005,0.995,0.005,0.005,0.0004,0.0054,2026-06-30T09:44:23.644958Z,,True
411b922c-9199-6af2-eca6-dd7e3a43becd,368e339c-5aa1-480c-9e0f-c95d8f8d4b2a,KXXRP15M-26JUN300545-45,NO,sell,1.0,0.004,0.996,0.004,0.004,0.0003,0.0043,2026-06-30T09:44:23.116057Z,,True
ccb52373-12e8-4759-16f8-b8a4a023381a,581a219a-d02b-4128-aee8-0d0d9283dd4c,KXSOL15M-26JUN300545-45,NO,sell,1.0,0.001,0.999,0.001,0.001,0.0001,0.0011,2026-06-30T09:44:22.556665Z,,True
d589094c-6e89-7197-f049-396d84ce9edc,24df0c4a-67dd-4c52-9239-30db6bfc675a,KXETH15M-26JUN300545-45,NO,sell,1.0,0.002,0.998,0.002,0.002,0.0002,0.0022,2026-06-30T09:44:22.127287Z,,True
8d2d03f9-4ac2-51d7-cdb0-bc0e829c4f6d,3966e503-7f54-46db-9da0-9639e1be0877,KXXRP15M-26JUN300545-45,NO,sell,1.0,0.005,0.995,0.005,0.005,0.0004,0.0054,2026-06-30T09:44:17.793649Z,,True
00418e0d-1014-5529-9774-62c3fc33c316,2b270ac5-5094-45b4-8e8b-3b944587e38f,KXSOL15M-26JUN300545-45,NO,sell,1.0,0.001,0.999,0.001,0.001,0.0001,0.0011,2026-06-30T09:44:17.362425Z,,True
c83758a3-9364-4859-31dd-cee46a3647f3,10f2d63a-5100-43b3-a4d8-055c767b1780,KXDOGE15M-26JUN300545-45,NO,sell,1.0,0.005,0.995,0.005,0.005,0.0004,0.0054,2026-06-30T09:44:13.565756Z,,True
49ec2ae2-fd1a-72b7-9ae3-23287b060249,0856af45-92a2-4e03-8874-71f05fd89b3e,KXXRP15M-26JUN300545-45,NO,sell,1.0,0.005,0.995,0.005,0.005,0.0004,0.0054,2026-06-30T09:44:13.041823Z,,True
9b2a9b49-442a-4c2e-1a10-5467c7f435e2,ec81e723-cc2e-4351-acf6-309add24b2fb,KXBTC15M-26JUN300545-45,NO,sell,1.0,0.006,0.994,0.006,0.006,0.0005,0.006500000000000001,2026-06-30T09:44:12.353585Z,,True
1a5d23dd-a1b3-5af3-3604-34a965f02097,ba85ea6f-9856-456f-a3d4-6600cabbeb8b,KXDOGE15M-26JUN300545-45,NO,sell,1.0,0.009,0.991,0.009,0.009,0.0007,0.009699999999999999,2026-06-30T09:44:08.262874Z,,True
f460cc81-523e-5313-cd61-f3b0484b5d59,273596dd-796b-466a-9d94-c5d6530bccfa,KXXRP15M-26JUN300545-45,NO,sell,1.0,0.005,0.995,0.005,0.005,0.0004,0.0054,2026-06-30T09:44:07.819586Z,,True
6ea11981-42be-5f38-3593-c7b1af74f5d2,08ab5f9c-4957-4420-a939-4f6db614ed2b,KXBTC15M-26JUN300545-45,NO,sell,1.0,0.003,0.997,0.003,0.003,0.0003,0.0033,2026-06-30T09:44:07.124657Z,,True
5d679e36-9d6c-688d-25ff-4d95052d02d2,6a8ff28a-391f-4b7d-a2c2-22c373de8b54,KXSOL15M-26JUN300545-45,NO,sell,1.0,0.001,0.999,0.001,0.001,0.0001,0.0011,2026-06-30T09:44:02.71984Z,,True
7fe6536a-0fc9-732a-f19a-0859446a40b6,4e74aea7-08de-4d9a-90c8-b2d3195fbeca,KXSOL15M-26JUN300545-45,NO,sell,1.0,0.008,0.992,0.008,0.008,0.0006,0.0086,2026-06-30T09:43:57.288692Z,,True
d27c3abe-557a-4f52-1901-e081e0f09ddb,3f54e778-0313-4f8c-9f82-b91366431793,KXBTC15M-26JUN300545-45,NO,sell,1.0,0.08,0.92,0.08,0.08,0.0,0.08,2026-06-30T09:42:27.723064Z,,False
b0044b49-2a57-5fe2-7b27-56a65ec94458,31b292d6-2ef6-4a60-b1a9-d87a2dc7024c,KXETH15M-26JUN300545-45,NO,sell,1.0,0.14,0.86,0.14,0.14,0.0,0.14,2026-06-30T09:41:42.374432Z,,False
16b29319-889f-494a-b360-f288f3313fd3,4727e2c2-95c2-4bf8-837c-3761bd57fdb7,KXXRP15M-26JUN300545-45,NO,sell,1.0,0.08,0.92,0.08,0.08,0.0,0.08,2026-06-30T09:41:42.369501Z,,False
ddaf3405-7fbc-5ac1-c270-c7bcb9ba1837,d6de54c6-801d-4b37-b5f5-d4183e73ef9f,KXBTC15M-26JUN300545-45,NO,sell,1.0,0.12,0.88,0.12,0.12,0.0,0.12,2026-06-30T09:41:18.979783Z,,False
b320c2ae-6409-4ace-7eb5-6a3862e396f1,8fab7ca5-9c2c-48a8-b1ab-254e724c7841,KXBTC15M-26JUN300545-45,NO,sell,1.0,0.16,0.84,0.16,0.16,0.0,0.16,2026-06-30T09:40:52.630163Z,,False
eea0917c-5868-6cb8-377c-45499dc29144,0d69435d-ae91-44d6-b7d9-b12cb145e60c,KXXRP15M-26JUN300545-45,NO,sell,1.0,0.32,0.68,0.32,0.32,0.0,0.32,2026-06-30T09:36:09.728305Z,,False
b4d0be84-63e4-6bd9-0396-eeec27de5436,57196ca5-951d-43b7-8333-1a890b59237e,KXXRP15M-26JUN300545-45,NO,sell,1.0,0.32,0.68,0.32,0.32,0.0,0.32,2026-06-30T09:36:09.728305Z,,False
8e111714-a377-42b4-5bb3-04802f13e010,a42a474a-06fe-4b7e-baaf-76183bc49284,KXSOL15M-26JUN300545-45,NO,sell,1.0,0.19,0.81,0.19,0.19,0.0,0.19,2026-06-30T09:36:07.125831Z,,False
43120bda-dd7a-44c1-4e3c-69ac3ab34e44,84956570-7933-4e8b-8bee-7003fe54a648,KXXRP15M-26JUN300545-45,NO,sell,1.0,0.32,0.68,0.32,0.32,0.0,0.32,2026-06-30T09:36:06.802404Z,,False
cdb1bf66-37de-4518-9b30-cb88ebf3dfbf,8d927e46-2e9f-471e-9a97-331f1785ce47,KXXRP15M-26JUN300545-45,NO,sell,1.0,0.34,0.66,0.34,0.34,0.0,0.34,2026-06-30T09:36:06.723997Z,,False
89dfd429-cafe-4e81-aea5-ca830f9fd825,c9fc1509-d3bf-4c87-af02-3214f3e9c9dd,KXXRP15M-26JUN300545-45,NO,sell,1.0,0.34,0.66,0.34,0.34,0.0,0.34,2026-06-30T09:36:06.723997Z,,False
5cd55e3c-cdb8-4b2a-7c07-1b85f82a4874,dbced483-c76d-4764-a791-94f50f079f94,KXSOL15M-26JUN300545-45,NO,sell,1.0,0.29,0.71,0.29,0.29,0.0,0.29,2026-06-30T09:35:39.712866Z,,False
e7ca2a31-9c92-5fa2-769d-1914818ffc34,d1d5ca9c-ad8c-47d9-be55-d88960b8769a,KXBTC15M-26JUN300515-15,NO,sell,0.01,0.004,0.996,0.004,4e-05,0.00016,0.0002,2026-06-30T09:14:40.162612Z,,True
b53a220b-7b55-5ad6-458b-946a94dcc0b0,d1d5ca9c-ad8c-47d9-be55-d88960b8769a,KXBTC15M-26JUN300515-15,NO,sell,0.01,0.006,0.994,0.006,6e-05,0.00014,0.00019999999999999998,2026-06-30T09:14:40.162612Z,,True
79a7998f-00e5-5703-7a81-ad22f2f2a937,d1d5ca9c-ad8c-47d9-be55-d88960b8769a,KXBTC15M-26JUN300515-15,NO,sell,0.97,0.006,0.994,0.006,0.00582,0.00058,0.0063999999999999994,2026-06-30T09:14:40.162612Z,,True
37dad240-663f-5599-41cf-6b13cf042562,d1d5ca9c-ad8c-47d9-be55-d88960b8769a,KXBTC15M-26JUN300515-15,NO,sell,0.01,0.005,0.995,0.005,5e-05,0.00015,0.00019999999999999998,2026-06-30T09:14:40.162612Z,,True
e6e0f440-f053-7b2c-976a-df46b3025975,eed8e177-3b4b-4f75-8851-6627217bedfa,KXETH15M-26JUN300515-15,NO,sell,1.0,0.01,0.99,0.01,0.01,0.0007,0.0107,2026-06-30T09:14:25.515903Z,,True
ed7717a0-e67f-5bb6-c1e0-caa0350e46e6,4cab74a3-7374-4685-9635-e94b9f839e49,KXSOL15M-26JUN300515-15,NO,sell,1.0,0.003,0.997,0.003,0.003,0.0003,0.0033,2026-06-30T09:14:21.494549Z,,True
e93a8aef-5e33-4da6-0bd8-3b707510c686,cdb813f0-9d67-4301-a4bb-d53f8f843e51,KXSOL15M-26JUN300515-15,NO,sell,1.0,0.003,0.997,0.003,0.003,0.0003,0.0033,2026-06-30T09:14:16.199565Z,,True
9417b2ca-f8a2-7789-d1dc-7965ce390b73,03bfb46c-bc44-4dfa-914f-9a6d90c6f185,KXBTC15M-26JUN300515-15,NO,sell,1.0,0.01,0.99,0.01,0.01,0.0007,0.0107,2026-06-30T09:14:15.277771Z,,True
e524f61b-cc17-706d-b69f-9b19b99c7c89,c95d165f-1ac6-4a9b-8117-780b631d66a9,KXDOGE15M-26JUN300515-15,NO,sell,1.0,0.11,0.89,0.11,0.11,0.0,0.11,2026-06-30T09:11:51.517566Z,,False
e1782a09-6d2c-52a8-1c43-dfc7cc0d7c3b,0d51e598-f141-4e6a-a9ef-0209d63399b7,KXSOL15M-26JUN300515-15,NO,sell,1.0,0.12,0.88,0.12,0.12,0.0,0.12,2026-06-30T09:11:31.592158Z,,False
e2e2125a-7082-7299-0250-115469077701,505fd0d7-f533-49d3-a018-aa971b14908d,KXSOL15M-26JUN300515-15,NO,sell,1.0,0.25,0.75,0.25,0.25,0.0,0.25,2026-06-30T09:04:50.361221Z,,False
bba5ce9d-e026-53aa-257c-347938cf73dd,b7c087f4-ef93-4a40-868e-575be6c823f1,KXXRP15M-26JUN300515-15,NO,sell,1.0,0.29,0.71,0.29,0.29,0.0,0.29,2026-06-30T09:04:00.631923Z,,False
65d03b7e-a5ef-58c1-d5ed-c6d53e4eabcd,049e8d83-597a-45ab-bc22-55194a7a5689,KXXRP15M-26JUN300515-15,NO,sell,1.0,0.32,0.68,0.32,0.32,0.0,0.32,2026-06-30T09:03:50.240236Z,,False
4b5698d2-6901-7ca0-c6a8-38da47942bc8,49180377-9394-4d4e-b524-22971548a198,KXDOGE15M-26JUN300515-15,NO,sell,1.0,0.33,0.67,0.33,0.33,0.0,0.33,2026-06-30T09:03:41.600977Z,,False
2a1ea716-78e4-6de4-82b3-80a77f1c43ac,5f9dfdf9-c725-488e-8cd9-714e34f8de30,KXSOL15M-26JUN300515-15,NO,sell,1.0,0.28,0.72,0.28,0.28,0.0,0.28,2026-06-30T09:03:15.366677Z,,False
d8f55a6d-681b-46ca-0e76-d502bde1fd86,ee108967-7632-43fc-a01e-47d2b4c48786,KXSOL15M-26JUN300515-15,NO,sell,1.0,0.3,0.7,0.3,0.3,0.0,0.3,2026-06-30T09:03:14.408297Z,,False
4be19cec-5675-50d1-e74a-7cabea0257df,66066ade-5254-4263-a188-ac0cf3a5618f,KXSOL15M-26JUN300515-15,NO,sell,1.0,0.3,0.7,0.3,0.3,0.0,0.3,2026-06-30T09:03:11.535978Z,,False
801360c1-e622-5c9c-f899-f5d6bf6b3017,ac1462b7-1883-4a1a-8212-bbc5e9ee4d73,KXSOL15M-26JUN300515-15,NO,sell,1.0,0.32,0.68,0.32,0.32,0.0,0.32,2026-06-30T09:03:11.124193Z,,False
c612d6a3-0b9c-5ba6-20ec-e0592a05392b,54f392d2-bfc1-4a58-b844-7eb74066c91b,KXSOL15M-26JUN300515-15,NO,sell,1.0,0.32,0.68,0.32,0.32,0.0,0.32,2026-06-30T09:02:57.822919Z,,False
96631226-044b-46cf-1bc2-b6556daedf81,3c22622b-f5e6-4375-8114-8816cfc39641,KXSOL15M-26JUN300515-15,NO,sell,1.0,0.35,0.65,0.35,0.35,0.0,0.35,2026-06-30T09:02:41.368773Z,,False
5533e142-83d4-51f0-37b8-35736c6b98ef,f0f43084-1dbd-4fae-b243-ebcdf75a937f,KXETH15M-26JUN300515-15,NO,sell,1.0,0.33,0.67,0.33,0.33,0.0,0.33,2026-06-30T09:02:38.681314Z,,False
1566ae94-848c-7417-8db3-f234a626f535,1b13fb40-9761-42e9-a172-a49bf2744ca9,KXSOL15M-26JUN300515-15,NO,sell,1.0,0.35,0.65,0.35,0.35,0.0,0.35,2026-06-30T09:02:38.301443Z,,False
d13755aa-9a41-5de4-7fde-ed646a10b281,d12151dc-e384-4754-bc96-65a64292e6a3,KXSOL15M-26JUN300500-00,NO,sell,1.0,0.01,0.99,0.01,0.01,0.0007,0.0107,2026-06-30T08:59:34.095085Z,,True
b27c6e20-f41d-7f26-ffbd-c9d9bd3132fb,8232b65a-75d0-4e1b-9c55-02e2c6157423,KXSOL15M-26JUN300500-00,NO,sell,1.0,0.01,0.99,0.01,0.01,0.0007,0.0107,2026-06-30T08:59:29.072288Z,,True
4779ea10-fe22-65d9-04c1-af6d96d93177,c14fed78-23ae-49c2-aa48-41928b215f3a,KXSOL15M-26JUN300500-00,NO,sell,1.0,0.004,0.996,0.004,0.004,0.0003,0.0043,2026-06-30T08:59:18.996742Z,,True
267e358e-d50a-74c8-049d-3b11fd762fb0,ef1f2bbf-1ddd-4deb-a69a-d779cabd2a6e,KXSOL15M-26JUN300500-00,NO,sell,1.0,0.01,0.99,0.01,0.01,0.0007,0.0107,2026-06-30T08:59:14.110765Z,,True
af98652e-b515-6608-2b3e-a2794dfb5f30,5bd7a4f5-b0e9-4a4c-a299-65c64af2d2c6,KXSOL15M-26JUN300500-00,NO,sell,1.0,0.01,0.99,0.01,0.01,0.0007,0.0107,2026-06-30T08:59:09.279453Z,,True
a48d3d08-06ef-5e75-6147-9390771f5e2e,8b90a277-6572-40ef-87ea-f42f0db3cfca,KXSOL15M-26JUN300500-00,NO,sell,1.0,0.49,0.51,0.49,0.49,0.0,0.49,2026-06-30T08:58:15.43181Z,,False
310761bc-5c1f-43a0-601f-d6b534b86b15,a96ccea3-3dab-431c-b08b-857445b3e1d5,KXETH15M-26JUN300500-00,NO,sell,1.0,0.067,0.933,0.067,0.067,0.0044,0.0714,2026-06-30T08:58:14.095798Z,,True
fa8a00c9-bdf3-57b7-3cac-1182f8065fc4,e35d066b-9506-4e09-81b8-b39b542dbf6c,KXETH15M-26JUN300500-00,NO,sell,1.0,0.25,0.75,0.25,0.25,0.0,0.25,2026-06-30T08:57:29.380965Z,,False
ecb6a5f6-e1b8-5867-178f-8acbb1016752,f561a354-c94d-41d9-aa9b-28d21d2a87fa,KXETH15M-26JUN300500-00,NO,sell,1.0,0.25,0.75,0.25,0.25,0.0,0.25,2026-06-30T08:57:29.380965Z,,False
b9cd088d-c759-4ad0-0c3d-d39fac2cd8bb,4a6c09bc-89c0-4e02-888d-09ad6438842b,KXBTC15M-26JUN300500-00,NO,sell,1.0,0.23,0.77,0.23,0.23,0.0,0.23,2026-06-30T08:57:25.957763Z,,False
7cd62aab-fc82-5003-6983-0f15ddd14c6d,ab3dc4e3-524f-471d-b682-6cefcf686035,KXBTC15M-26JUN300500-00,NO,sell,1.0,0.26,0.74,0.26,0.26,0.0,0.26,2026-06-30T08:57:25.465846Z,,False
72e07db7-8994-5d2c-6356-122cac8a377f,a50b93ff-2759-4a32-bc57-71d6be331b27,KXBTC15M-26JUN300500-00,NO,sell,1.0,0.26,0.74,0.26,0.26,0.0,0.26,2026-06-30T08:57:25.465846Z,,False
576357d7-b845-4b64-73e1-f9e70f41c2b9,6b428dfb-2a6c-49c2-bbf5-dfa842ec4a79,KXBTC15M-26JUN300500-00,NO,sell,1.0,0.28,0.72,0.28,0.28,0.0,0.28,2026-06-30T08:57:24.36859Z,,False
a4860069-45d9-6589-b864-bf9ac71f4aad,7d1bec1d-8b48-45bb-a0d8-361751b32279,KXBTC15M-26JUN300500-00,NO,sell,1.0,0.3,0.7,0.3,0.3,0.0,0.3,2026-06-30T08:57:24.329785Z,,False
3e36d84d-ee90-739a-34c2-c0eac6ab9912,7c8bc108-911d-42c8-8c56-84baf40a52aa,KXDOGE15M-26JUN300500-00,NO,sell,1.0,0.03,0.97,0.03,0.03,0.0,0.03,2026-06-30T08:57:00.270951Z,,False
2b771f58-b786-5e0d-8ffd-31d03fe745d4,6f27a647-d63b-4637-a244-f2871c66d554,KXXRP15M-26JUN300500-00,NO,sell,1.0,0.07,0.93,0.07,0.07,0.0,0.07,2026-06-30T08:56:53.725165Z,,False
cb94ed4c-e2e4-7417-cf46-4b3595fa49c2,3293f5cd-9039-4029-998c-f6dd7b44ead6,KXXRP15M-26JUN300500-00,NO,sell,1.0,0.12,0.88,0.12,0.12,0.0,0.12,2026-06-30T08:56:48.925671Z,,False
aa4b6535-6e11-7ab1-de2e-2889d926830d,534c7db4-1ccc-4e8f-88e4-956137982019,KXXRP15M-26JUN300500-00,NO,sell,1.0,0.12,0.88,0.12,0.12,0.0,0.12,2026-06-30T08:56:48.925671Z,,False
ae47c262-9010-6402-226d-321ad604b02d,26dc8949-71cd-4384-94d5-f38da024c1e5,KXDOGE15M-26JUN300500-00,NO,sell,1.0,0.05,0.95,0.05,0.05,0.0,0.05,2026-06-30T08:56:29.490641Z,,False
c36b3c9e-4705-5bd8-92c5-15a056b9a397,b1f368fa-91a4-439e-81d9-e869196ffd1b,KXXRP15M-26JUN300500-00,NO,sell,1.0,0.14,0.86,0.14,0.14,0.0,0.14,2026-06-30T08:56:25.092314Z,,False
3b48bd64-e5b9-73f6-68d7-acfd9ca0c82c,0c342680-61dc-4cae-bf3c-225ab3ce211f,KXDOGE15M-26JUN300500-00,NO,sell,1.0,0.07,0.93,0.07,0.07,0.0046,0.0746,2026-06-30T08:56:18.897986Z,,True
4c1e0d23-0a03-5693-6e52-4eded45855a6,dfca9484-84be-49ed-9d35-8e2d3b2ea76a,KXDOGE15M-26JUN300500-00,NO,sell,1.0,0.08,0.92,0.08,0.08,0.0,0.08,2026-06-30T08:56:07.598246Z,,False
9d53f22c-b5c3-69f7-b31d-4fc19e56e5ec,8f66b1b9-883a-4819-bcb3-6bdbcd2b7830,KXDOGE15M-26JUN300500-00,NO,sell,1.0,0.08,0.92,0.08,0.08,0.0,0.08,2026-06-30T08:56:02.259622Z,,False
cb152506-f01c-7e13-8d66-84ff3ff3e4e3,c2f24ebe-ca25-4661-9a11-de20867d84f7,KXDOGE15M-26JUN300500-00,NO,sell,1.0,0.03,0.97,0.03,0.03,0.0,0.03,2026-06-30T08:54:59.104161Z,,False
b7a77ace-11ea-6c85-e20b-e6c2e4d6280e,b6334b09-86b3-4d3f-9800-65d8bafaf4f2,KXETH15M-26JUN300500-00,NO,sell,1.0,0.38,0.62,0.38,0.38,0.0,0.38,2026-06-30T08:54:15.035617Z,,False
4b86d72a-3cb4-613e-f48a-7482368b0b0d,4a12e6ed-abed-4084-8e81-f79868a7d7f1,KXETH15M-26JUN300500-00,NO,sell,1.0,0.38,0.62,0.38,0.38,0.0,0.38,2026-06-30T08:54:15.035617Z,,False
0a9ea83b-a077-652e-c776-61a45ee364b1,0b0a99fc-372e-4494-bd7d-e2be00cfb84d,KXETH15M-26JUN300500-00,NO,sell,1.0,0.38,0.62,0.38,0.38,0.0,0.38,2026-06-30T08:54:15.035617Z,,False
c96cdfa2-5755-40b5-4e79-5a9ee6160b97,00490dc1-b5ec-44b7-a4b7-09331faeadf7,KXETH15M-26JUN300500-00,NO,sell,1.0,0.4,0.6,0.4,0.4,0.0,0.4,2026-06-30T08:54:14.772206Z,,False
6b34bb30-f2d6-42e0-45b1-0735ce71ff1e,a2116953-106f-46e2-af7f-549837c9597e,KXETH15M-26JUN300500-00,NO,sell,1.0,0.4,0.6,0.4,0.4,0.0,0.4,2026-06-30T08:54:14.772206Z,,False
3cf0c78c-6763-45be-63cc-e7f93650539c,f5d515ef-85da-41bc-8902-b454cfe8f5fc,KXETH15M-26JUN300500-00,NO,sell,1.0,0.4,0.6,0.4,0.4,0.0,0.4,2026-06-30T08:54:14.772206Z,,False
24ccf940-8a4b-7f12-1787-bd9289187931,fe09d415-41e6-414c-92a1-bae53222ccb5,KXXRP15M-26JUN300500-00,NO,sell,1.0,0.37,0.63,0.37,0.37,0.0,0.37,2026-06-30T08:52:07.556199Z,,False
fcfa0340-f90f-6984-2037-bfa0e61ad6b1,178cfb42-48a6-42b6-840b-cd30ae054a25,KXXRP15M-26JUN300500-00,NO,sell,1.0,0.39,0.61,0.39,0.39,0.0,0.39,2026-06-30T08:52:03.139121Z,,False
cbf8f3c7-7f9c-6f38-144f-fcfcdc322905,208e0bc5-ce35-440a-b073-8e6c942db591,KXXRP15M-26JUN300500-00,NO,sell,1.0,0.41,0.59,0.41,0.41,0.0,0.41,2026-06-30T08:52:03.139121Z,,False
35da5955-38a8-621b-0069-11b767126225,deaca157-8901-4929-a455-63272f0dfeb1,KXXRP15M-26JUN300500-00,NO,sell,1.0,0.41,0.59,0.41,0.41,0.0,0.41,2026-06-30T08:52:03.139121Z,,False
1a98bd21-3849-6504-1d87-04063062da75,f1ee4523-89e0-4e36-b9bb-7696787d46e1,KXXRP15M-26JUN300500-00,NO,sell,1.0,0.41,0.59,0.41,0.41,0.0,0.41,2026-06-30T08:52:03.139121Z,,False
501da235-9cbb-74d6-0725-7b13d07a5eef,02bee5ad-a556-4eb4-9b41-e151fba4fe63,KXDOGE15M-26JUN300500-00,NO,sell,1.0,0.41,0.59,0.41,0.41,0.0,0.41,2026-06-30T08:50:19.771553Z,,False
f766d0e9-5adf-5a62-8f23-02e440591a62,a48eff61-7cb6-4e98-a659-b08dc39652f2,KXDOGE15M-26JUN300500-00,NO,sell,1.0,0.43,0.57,0.43,0.43,0.0,0.43,2026-06-30T08:50:16.482148Z,,False
d781f972-1600-5362-8775-b17831ec12d9,8469d6fa-3069-4798-ae0f-0311b2235a49,KXDOGE15M-26JUN300500-00,NO,sell,1.0,0.43,0.57,0.43,0.43,0.0,0.43,2026-06-30T08:50:16.482148Z,,False
0fa5fd54-9173-70e8-726f-73d58aac555b,5a6cfebb-fab6-4482-9840-8fee639443d7,KXDOGE15M-26JUN300500-00,NO,sell,1.0,0.44,0.56,0.44,0.44,0.0,0.44,2026-06-30T08:50:14.5214Z,,False
6cbaa11f-cad3-785c-d855-ce8b5edfb946,79be3105-ddc2-48fa-baeb-16f5523854d6,KXDOGE15M-26JUN300500-00,NO,sell,1.0,0.45,0.55,0.45,0.45,0.0,0.45,2026-06-30T08:50:06.912218Z,,False
43fa1570-ce88-7008-d1b3-ab77a348f35d,56fe856a-d999-40ae-b30d-7309afaf1ecd,KXDOGE15M-26JUN300500-00,NO,sell,1.0,0.45,0.55,0.45,0.45,0.0,0.45,2026-06-30T08:50:06.912218Z,,False
da9667fe-21be-4c2a-f845-2c90d818490b,1124571f-9c23-4c1c-8cf4-f75f47c77ce3,KXSOL15M-26JUN300500-00,NO,sell,1.0,0.45,0.55,0.45,0.45,0.0,0.45,2026-06-30T08:49:59.07581Z,,False
d9c7ed37-8f2d-470c-dd1e-3fd2396cc1e3,1275ddd6-32b0-473a-a9af-e41da6b3f40b,KXSOL15M-26JUN300500-00,NO,sell,1.0,0.45,0.55,0.45,0.45,0.0,0.45,2026-06-30T08:49:59.07581Z,,False
5851fba7-709c-4e0a-eebc-29455614fd6b,93e3cb46-cd01-4e3c-9a0d-f28ac9cbc883,KXSOL15M-26JUN300500-00,NO,sell,1.0,0.38,0.62,0.38,0.38,0.0,0.38,2026-06-30T08:49:59.07581Z,,False
53051eb1-4d77-43bd-c909-975f38862b95,98b72e50-f0ea-438b-bdb8-4c90a7591e7d,KXSOL15M-26JUN300500-00,NO,sell,1.0,0.43,0.57,0.43,0.43,0.0,0.43,2026-06-30T08:49:59.07581Z,,False
5267798f-78ea-4a02-dccb-7e3a541a9055,99d5496e-c577-4a34-a87a-a5f5cbc5a5bd,KXSOL15M-26JUN300500-00,NO,sell,1.0,0.38,0.62,0.38,0.38,0.0,0.38,2026-06-30T08:49:59.07581Z,,False
480c2e4c-ed50-4875-caee-c7fffbf6eab7,83be1ead-50cd-4843-be5f-1c306429df5f,KXSOL15M-26JUN300500-00,NO,sell,1.0,0.44,0.56,0.44,0.44,0.0,0.44,2026-06-30T08:49:59.07581Z,,False
3ad6fe1e-d5e6-4564-decf-a321c8eb1119,f164ceff-687b-4552-aa7e-78ee573424f1,KXSOL15M-26JUN300500-00,NO,sell,1.0,0.43,0.57,0.43,0.43,0.0,0.43,2026-06-30T08:49:59.07581Z,,False
2fc2e0f4-f592-44a5-debb-9351bd341f63,e470d015-480f-4493-aa0a-489e22eb2a8b,KXSOL15M-26JUN300500-00,NO,sell,1.0,0.44,0.56,0.44,0.44,0.0,0.44,2026-06-30T08:49:59.07581Z,,False
216b4033-ef70-4829-448e-82dcb815cd91,30313d42-f771-4a0b-ae39-d2c88e40b791,KXDOGE15M-26JUN300430-30,NO,sell,0.61,0.31,0.69,0.31,0.1891,0.0,0.1891,2026-06-30T08:28:49.044834Z,,False
d3c0cb77-9868-473d-69af-801cbbcca5b5,30313d42-f771-4a0b-ae39-d2c88e40b791,KXDOGE15M-26JUN300430-30,NO,sell,0.39,0.31,0.69,0.31,0.12090000000000001,0.0,0.12090000000000001,2026-06-30T08:28:48.662747Z,,False
64892ef6-50ad-450e-4967-df78fd5810c5,8778d8c3-3fb4-4838-8ef1-8dacc8d402e1,KXDOGE15M-26JUN300430-30,NO,sell,1.0,0.31,0.69,0.31,0.31,0.0,0.31,2026-06-30T08:28:48.662747Z,,False
2eae7c8c-ead4-6193-d6d4-5a28c2a10af8,ebfb3b39-5e2d-4d01-b1fe-9313ed4dfdd8,KXSOL15M-26JUN300430-30,NO,sell,1.0,0.08,0.92,0.08,0.08,0.0,0.08,2026-06-30T08:27:11.153098Z,,False
cd1c16f4-e614-6bd7-faef-da3d6ceca2ca,cb9300c6-99c9-4bf5-a784-d74152b0910a,KXSOL15M-26JUN300430-30,NO,sell,1.0,0.09,0.91,0.09,0.09,0.0,0.09,2026-06-30T08:27:08.886649Z,,False
2a363af9-66a7-69a5-dad0-b1e1ef334db1,2cb92ccb-197a-4987-87bb-bc9dd16f7e71,KXSOL15M-26JUN300430-30,NO,sell,0.91,0.09,0.91,0.09,0.0819,0.0,0.0819,2026-06-30T08:27:08.886649Z,,False
7099010d-cd17-4d69-0a1d-ba02db6162d5,2cb92ccb-197a-4987-87bb-bc9dd16f7e71,KXSOL15M-26JUN300430-30,NO,sell,0.09,0.09,0.91,0.09,0.0081,0.0,0.0081,2026-06-30T08:27:02.25657Z,,False
3402daac-eb26-4ab0-0163-948f1889c23a,6822f76a-3f4b-4e5e-8cc5-92101287de9e,KXSOL15M-26JUN300430-30,NO,sell,1.0,0.09,0.91,0.09,0.09,0.0,0.09,2026-06-30T08:27:02.25657Z,,False
a1e4a4db-08b6-676d-f0ba-45b2916cf030,f21ba04c-0bc3-41df-bd43-357a60903fd4,KXSOL15M-26JUN300430-30,NO,sell,1.0,0.1,0.9,0.1,0.1,0.0,0.1,2026-06-30T08:26:45.756479Z,,False
1ae83321-8fa3-7a5f-c59b-6c26d7ce6b18,f1682780-76d2-4849-9ae4-de50d9194c7c,KXDOGE15M-26JUN300430-30,NO,sell,1.0,0.35,0.65,0.35,0.35,0.0,0.35,2026-06-30T08:25:09.341954Z,,False
a798e1e9-2ff8-5866-8518-86cf9584a5d7,898dda5e-8885-4d70-b94e-f45ea48f70c3,KXSOL15M-26JUN300430-30,NO,sell,1.0,0.25,0.75,0.25,0.25,0.0,0.25,2026-06-30T08:23:38.316361Z,,False
aa82733a-b30b-55dc-97e0-4cf99e8529b0,6214cd93-7c36-4ba2-a149-1e2e18796418,KXSOL15M-26JUN300430-30,NO,sell,1.0,0.31,0.69,0.31,0.31,0.0,0.31,2026-06-30T08:20:49.901672Z,,False
e8eea090-339a-6289-84cf-66bcc1a47608,67644946-2211-4a25-811e-4a17fe020db2,KXSOL15M-26JUN291800-00,YES,buy,1.0,0.58,0.58,0.42,0.58,0.0171,0.5971,2026-06-29T21:48:34.818517Z,,True
ac4af7f4-3eb5-4f1a-3ed0-9ec81e43b3d4,272cfbb7-4756-4017-abb1-afe4e928c106,KXXRP15M-26JUN291800-00,YES,buy,1.0,0.55,0.55,0.45,0.55,0.0174,0.5674,2026-06-29T21:46:49.746207Z,,True
b46f6cb6-0e3d-6bbe-0e5b-5f5dccbb49ef,2a7c9ddb-8b30-4f98-8d4c-7d23f93e1feb,KXBTC15M-26JUN282315-15,NO,sell,1.0,0.12,0.88,0.12,0.12,0.0,0.12,2026-06-29T03:04:51.765229Z,,False
8157c6f4-65f9-6170-a1e4-c60ece13d42f,36eac9d0-b5fc-4cd2-8c78-123db311a5b7,KXETH15M-26JUN282300-00,NO,sell,1.0,0.07,0.93,0.07,0.07,0.0,0.07,2026-06-29T02:57:25.93426Z,,False
87fdb40f-a3cb-6340-2288-212afb5119a5,d0491658-54ca-43e6-8152-a3e48875ef0d,KXETH15M-26JUN282300-00,NO,sell,1.0,0.08,0.92,0.08,0.08,0.0,0.08,2026-06-29T02:57:22.123118Z,,False
5cc28b14-9ad6-7c64-171e-37f2e199766e,42304532-593b-4f25-a1c7-31964eca0ff1,KXETH15M-26JUN282300-00,NO,sell,1.0,0.073,0.927,0.073,0.073,0.0048,0.0778,2026-06-29T02:57:14.471109Z,,True
f9d08e2d-6ce2-56aa-ae84-a02dafc1e30f,78b3f3a1-fa47-4194-bed5-a5f7c04840d3,KXETH15M-26JUN282300-00,NO,sell,1.0,0.09,0.91,0.09,0.09,0.0,0.09,2026-06-29T02:57:09.215528Z,,False
e1157da4-eae6-5755-b491-3f9fede6945b,60760028-7c43-406b-a4c0-3a45826f3787,KXETH15M-26JUN282300-00,NO,sell,1.0,0.09,0.91,0.09,0.09,0.0,0.09,2026-06-29T02:57:09.215528Z,,False
de3e0f55-ded1-5613-8f1e-1f7e1fdcb054,5f5d72d9-4874-412d-9f4f-1aa470551388,KXETH15M-26JUN282300-00,NO,sell,1.0,0.09,0.91,0.09,0.09,0.0,0.09,2026-06-29T02:57:09.215528Z,,False
d5a31368-97e1-52e5-912d-fe67d09a3fd7,54c06ee4-0144-45db-817c-fbbdbf139c0b,KXETH15M-26JUN282300-00,NO,sell,1.0,0.09,0.91,0.09,0.09,0.0,0.09,2026-06-29T02:57:09.215528Z,,False
4e158287-c6a4-54fa-84b1-32c9e6aa4ae5,cf76ff0b-5001-43c4-94e0-37138923e939,KXETH15M-26JUN282300-00,NO,sell,1.0,0.09,0.91,0.09,0.09,0.0,0.09,2026-06-29T02:57:09.215528Z,,False
05082dcd-9a0e-5a2b-9101-0ddfdc1c120a,846b5041-0cab-4d15-8150-0805b395b1d6,KXETH15M-26JUN282300-00,NO,sell,1.0,0.09,0.91,0.09,0.09,0.0,0.09,2026-06-29T02:57:09.215528Z,,False
8e53d78f-79fa-4f7a-2941-0a421d5f1160,57d60824-9023-4040-a145-e191a31480a4,KXETH15M-26JUN282300-00,NO,sell,1.0,0.11,0.89,0.11,0.11,0.0,0.11,2026-06-29T02:56:40.746714Z,,False
69c9828a-0ce1-798a-0dc4-c3e8652373c2,bd2a7f6a-b6b0-4b54-9fc0-cacf08690d5e,KXETH15M-26JUN282300-00,NO,sell,1.0,0.13,0.87,0.13,0.13,0.0,0.13,2026-06-29T02:56:36.741581Z,,False
6c4102a5-1f80-7190-6002-6194094c096d,b3b078ac-ee1d-420e-bd0e-2fb705a2529d,KXETH15M-26JUN282300-00,NO,sell,0.66,0.2,0.8,0.2,0.132,0.0,0.132,2026-06-29T02:55:49.030419Z,,False
15835526-c9a7-7df1-4dc1-329a3a5ac8f3,ca722f2f-383a-4e6f-90cd-7cb936b49303,KXETH15M-26JUN282300-00,NO,sell,1.0,0.2,0.8,0.2,0.2,0.0,0.2,2026-06-29T02:55:49.030419Z,,False
587d6fd0-faa6-6c3d-2a35-b92b78211ff7,c11ba453-a0e7-406f-868c-8eb47f88f11f,KXETH15M-26JUN282300-00,NO,sell,1.0,0.2,0.8,0.2,0.2,0.0,0.2,2026-06-29T02:55:40.358776Z,,False
44f47c55-962e-6b99-0487-85b03c8c23ff,dd92b7d6-cc6f-47cb-a83e-b22f3b25cd17,KXETH15M-26JUN282300-00,NO,sell,1.0,0.2,0.8,0.2,0.2,0.0,0.2,2026-06-29T02:55:40.358776Z,,False
2ad6b32f-b45c-6e5c-11b7-1828020bbc75,b3b078ac-ee1d-420e-bd0e-2fb705a2529d,KXETH15M-26JUN282300-00,NO,sell,0.34,0.2,0.8,0.2,0.068,0.0,0.068,2026-06-29T02:55:40.358776Z,,False
becea7f3-f1df-5ce4-1473-1d6ab32585a6,11edbf1f-abf9-45c1-a278-e195f8fab7ac,KXSOL15M-26JUN282245-45,NO,sell,1.0,0.023,0.977,0.023,0.023,0.0016,0.0246,2026-06-29T02:42:15.259392Z,,True
1791da6c-c5ad-4f7e-cb54-370d34780328,1439195f-c0c4-4356-9d4f-f5a148bd6e85,KXBTC15M-26JUN282245-45,NO,sell,1.0,0.01,0.99,0.01,0.01,0.0007,0.0107,2026-06-29T02:42:13.647888Z,,True
9eff2b13-9b0a-435a-261d-1526a48d5e8b,43aeaf9c-7761-4103-a339-87fce6ad45e8,KXSOL15M-26JUN282245-45,NO,sell,1.0,0.051,0.949,0.051,0.051,0.0034,0.0544,2026-06-29T02:42:09.778939Z,,True
708c4ae8-f18b-6435-7d40-7b606cacb06d,16fd2165-4662-4a76-b877-7c679f4d421d,KXBTC15M-26JUN282245-45,NO,sell,1.0,0.011,0.989,0.011,0.011,0.0008,0.0118,2026-06-29T02:42:08.401134Z,,True
f73059bb-baa0-6253-6321-035146a42e34,3d2676e7-5221-4b76-ba84-298180193087,KXSOL15M-26JUN282245-45,NO,sell,0.83,0.043,0.957,0.043,0.03568999999999999,0.00241,0.038099999999999995,2026-06-29T02:42:05.205993Z,,True
ac62d01e-55fe-6fcb-7dc8-0afc12d14074,3d2676e7-5221-4b76-ba84-298180193087,KXSOL15M-26JUN282245-45,NO,sell,0.17,0.044,0.956,0.044,0.00748,0.00062,0.0081,2026-06-29T02:42:05.205993Z,,True
92e2968f-b0ba-5fe0-971f-5d72fbc5c1d0,089d6a84-2af0-47a2-8ae7-7d837f384ee2,KXBTC15M-26JUN282245-45,NO,sell,1.0,0.012,0.988,0.012,0.012,0.0009,0.0129,2026-06-29T02:42:03.789993Z,,True
efa7dde6-bbc7-532e-c6c7-fcd81f9e3736,d06789c7-70dc-45ae-914d-c3846efeacb7,KXSOL15M-26JUN282245-45,NO,sell,1.0,0.041,0.959,0.041,0.041,0.0028,0.0438,2026-06-29T02:42:00.10268Z,,True
c5b6f21b-99e2-7e12-efc1-f3bd3725c819,60176e30-4c2f-4164-b7c4-210045ad6229,KXBTC15M-26JUN282245-45,NO,sell,1.0,0.02,0.98,0.02,0.02,0.0,0.02,2026-06-29T02:41:58.693686Z,,False
74044867-50a0-60a8-295e-058bb83c7509,89a0d24a-d1f5-4b7e-a30c-e702a64fd0b5,KXSOL15M-26JUN282245-45,NO,sell,1.0,0.07,0.93,0.07,0.07,0.0,0.07,2026-06-29T02:41:56.110112Z,,False
5a83aab5-1765-611a-4ecc-fbdbdd372b76,a4a3d42f-e581-48d2-ba2e-6206e090fbea,KXBTC15M-26JUN282245-45,NO,sell,1.0,0.02,0.98,0.02,0.02,0.0014,0.0214,2026-06-29T02:41:53.706961Z,,True
4ba30f49-6dee-6994-d98f-a0a8d26b876d,a6a4f105-9ad1-4851-9039-2d8ffa87c7d3,KXSOL15M-26JUN282245-45,NO,sell,1.0,0.08,0.92,0.08,0.08,0.0052,0.0852,2026-06-29T02:41:49.664139Z,,True
366a04e5-ac95-59da-16aa-a3e9c233328a,8cd0f4ba-8140-48c0-9dc1-b5e6ca37e7ba,KXBTC15M-26JUN282245-45,NO,sell,1.0,0.02,0.98,0.02,0.02,0.0,0.02,2026-06-29T02:41:49.577246Z,,False
04251f1c-2e97-56f6-01ad-1b0c1312c380,9e0f5dde-d519-449a-a31a-888a51a903c8,KXBTC15M-26JUN282245-45,NO,sell,1.0,0.024,0.976,0.024,0.024,0.0017,0.0257,2026-06-29T02:41:42.909009Z,,True
c8999470-4db6-6e29-1b43-379946679ebb,b63bc79c-4a6d-4a77-aa35-03b8c0e644d9,KXSOL15M-26JUN282245-45,NO,sell,1.0,0.074,0.926,0.074,0.074,0.0048,0.0788,2026-06-29T02:41:39.364247Z,,True
ee965577-1954-568d-a3ac-16f8f863a85d,750e938f-8112-46d5-8ff6-17f497d7d13d,KXBTC15M-26JUN282245-45,NO,sell,1.0,0.03,0.97,0.03,0.03,0.0021,0.0321,2026-06-29T02:41:37.783008Z,,True
9f22605a-7379-63af-c057-82d4f8b9ac3e,9620f3ac-ba1e-4af4-9d1f-2cd0abc8d001,KXSOL15M-26JUN282245-45,NO,sell,1.0,0.08,0.92,0.08,0.08,0.0052,0.0852,2026-06-29T02:41:33.817718Z,,True
04dc7133-3ddd-7e4c-1eae-4c5e6b472b78,a782e575-ef48-4e51-aefd-f2b78a08df57,KXBTC15M-26JUN282245-45,NO,sell,1.0,0.025,0.975,0.025,0.025,0.0018,0.0268,2026-06-29T02:41:32.465829Z,,True
00acf3d8-0a72-5999-925a-baaa484716f5,b8c230d1-2b34-45cc-8443-0e1d7bfd9f3e,KXSOL15M-26JUN282245-45,NO,sell,1.0,0.064,0.936,0.064,0.064,0.0042,0.0682,2026-06-29T02:41:29.041133Z,,True
0b23bfc6-3510-47fa-ddfa-bc1e43e9d58d,a1351eaa-e9cf-4358-9348-5b67ebe3fbb7,KXBTC15M-26JUN282245-45,NO,sell,1.0,0.02,0.98,0.02,0.02,0.0014,0.0214,2026-06-29T02:41:27.690634Z,,True
23512a51-a3f1-602b-66d4-587303fce98b,3dd791f3-cff0-41dd-b678-9e2a5d975963,KXSOL15M-26JUN282245-45,NO,sell,1.0,0.08,0.92,0.08,0.08,0.0,0.08,2026-06-29T02:41:25.808713Z,,False
21914b5c-1797-6713-54fc-dd4253dfb2ab,3f17f0fe-7b96-46e5-8450-1b1b0db40243,KXSOL15M-26JUN282245-45,NO,sell,0.68,0.08,0.92,0.08,0.054400000000000004,0.0,0.054400000000000004,2026-06-29T02:41:25.808713Z,,False
c8698571-70cb-5e76-413e-822a2e282f95,41e55b63-19b2-44d0-827f-14725656ba31,KXSOL15M-26JUN282245-45,NO,sell,1.0,0.08,0.92,0.08,0.08,0.0,0.08,2026-06-29T02:41:25.686662Z,,False
b69b2eec-12ef-5c43-4711-8d4375ca97e7,3f17f0fe-7b96-46e5-8450-1b1b0db40243,KXSOL15M-26JUN282245-45,NO,sell,0.32,0.08,0.92,0.08,0.0256,0.0,0.0256,2026-06-29T02:41:25.686662Z,,False
3058f0c0-8ea7-5b6b-4d39-be97a49b9595,b9d42ed2-e7de-41cd-8e78-28cfdce50031,KXSOL15M-26JUN282245-45,NO,sell,1.0,0.08,0.92,0.08,0.08,0.0,0.08,2026-06-29T02:41:25.686662Z,,False
1e57a058-0bfd-59c6-5aac-bbccec2258a4,97db7e4a-6284-4360-99ed-2d94945ccd00,KXSOL15M-26JUN282245-45,NO,sell,1.0,0.08,0.92,0.08,0.08,0.0,0.08,2026-06-29T02:41:25.686662Z,,False
82ac5498-5ab3-7fb1-e481-fe82d91fc9b9,9acebf72-5c70-4d27-9859-749938383b11,KXSOL15M-26JUN282245-45,NO,sell,1.0,0.089,0.911,0.089,0.089,0.0057,0.09469999999999999,2026-06-29T02:41:23.960297Z,,True
12618bdf-e5ad-4d50-874e-f2ba96e97d5d,8b90e9e3-8b85-43c5-8652-e3e733bbbf88,KXBTC15M-26JUN282245-45,NO,sell,1.0,0.028,0.972,0.028,0.028,0.002,0.03,2026-06-29T02:41:22.639871Z,,True
39177e10-158b-4160-7cb7-e8c0a23ec1a0,feb8dc96-afd6-4b3a-a162-46cfba5e0058,KXSOL15M-26JUN282245-45,NO,sell,1.0,0.09,0.91,0.09,0.09,0.0,0.09,2026-06-29T02:41:21.037916Z,,False
e08c62ce-ac38-5db1-7f12-ade24cde6191,71731e85-71e1-45c3-b362-ce056b1cadeb,KXSOL15M-26JUN282245-45,NO,sell,1.0,0.13,0.87,0.13,0.13,0.008,0.138,2026-06-29T02:41:19.423592Z,,True
24c00a2f-3b7b-5396-69f4-84013295ea00,52b3d65a-e7cc-46de-b12d-19a5b354c902,KXBTC15M-26JUN282245-45,NO,sell,1.0,0.034,0.966,0.034,0.034,0.0023,0.0363,2026-06-29T02:41:17.641906Z,,True
94dcef42-3255-6278-8a33-e3b58fba7a99,518db5af-0f8c-4c4a-98dc-4e7b18e225f5,KXSOL15M-26JUN282245-45,NO,sell,1.0,0.1,0.9,0.1,0.1,0.0,0.1,2026-06-29T02:41:16.960338Z,,False
4609d095-197e-6dec-8214-1b41deed7bff,83588a78-24a7-43de-90fb-b68f49b52493,KXSOL15M-26JUN282245-45,NO,sell,1.0,0.1,0.9,0.1,0.1,0.0,0.1,2026-06-29T02:41:16.960338Z,,False
1bb89232-c96c-64c9-b010-7b313aa916e4,dee9c8df-f4b5-4afb-a2ff-d6ffadf14988,KXSOL15M-26JUN282245-45,NO,sell,1.0,0.1,0.9,0.1,0.1,0.0,0.1,2026-06-29T02:41:16.960338Z,,False
d04dfc0d-0eb1-5d51-eff8-e788cb573a36,058a5be0-c4f4-4d9b-8420-1511ad99946e,KXSOL15M-26JUN282245-45,NO,sell,1.0,0.11,0.89,0.11,0.11,0.0,0.11,2026-06-29T02:41:15.582295Z,,False
37cd2d73-8939-5ca7-d90c-82e9c5c00246,e20a8a9e-437c-4c6d-b2d4-7070a30eac1e,KXSOL15M-26JUN282245-45,NO,sell,1.0,0.11,0.89,0.11,0.11,0.0,0.11,2026-06-29T02:41:15.582295Z,,False
15ac2e3b-1391-57a6-d2ea-224d8278b0dd,c06b89d6-d9d4-476c-b932-d0d4e4b61e85,KXSOL15M-26JUN282245-45,NO,sell,1.0,0.11,0.89,0.11,0.11,0.0,0.11,2026-06-29T02:41:15.582295Z,,False
7fecb21a-773a-7fff-f207-033019e32eaf,6410c9bc-bb8b-4c35-a73b-1aaeecb4b1f7,KXSOL15M-26JUN282245-45,NO,sell,1.0,0.13,0.87,0.13,0.13,0.0,0.13,2026-06-29T02:41:13.866683Z,,False
e187d58b-7ca7-7e55-b4bd-8ade9106bd03,6b28f0b7-e0ce-43f7-9034-e766ceab1ad3,KXSOL15M-26JUN282245-45,NO,sell,1.0,0.14,0.86,0.14,0.14,0.0,0.14,2026-06-29T02:41:13.864491Z,,False
d266d4a5-f196-4a25-a35b-585a07df14ca,00905ce4-6696-43ec-8a94-c7ad72d14b29,KXSOL15M-26JUN282245-45,NO,sell,1.0,0.15,0.85,0.15,0.15,0.009,0.159,2026-06-29T02:41:13.720937Z,,True
a7674f61-aa19-5da1-56f2-44a925076cd9,12c692f4-df98-433f-ad0b-a986a7802c09,KXSOL15M-26JUN282245-45,NO,sell,1.0,0.16,0.84,0.16,0.16,0.0,0.16,2026-06-29T02:41:12.471987Z,,False
ddb3a384-f4c1-769c-91b5-7232a29dacd6,a969edf9-6f10-48aa-866b-41c1ee843c3e,KXSOL15M-26JUN282245-45,NO,sell,1.0,0.16,0.84,0.16,0.16,0.0,0.16,2026-06-29T02:41:12.46506Z,,False
ed8e48bc-9530-4ffb-e965-c09772f7abb5,f41c76d7-38cd-4795-ab7a-c6ae5328cb7d,KXBTC15M-26JUN282245-45,NO,sell,1.0,0.04,0.96,0.04,0.04,0.0,0.04,2026-06-29T02:41:12.318221Z,,False
d547f8e0-fe0f-466d-f614-71cecd7c4b1d,ccd5c68b-53f2-4e03-b40b-77f7eca32bd5,KXBTC15M-26JUN282245-45,NO,sell,1.0,0.04,0.96,0.04,0.04,0.0,0.04,2026-06-29T02:41:12.318221Z,,False
78547fb2-0d73-44c2-ef69-a656c1be0556,61c641d9-a08e-4cac-ad76-a06fe061659e,KXBTC15M-26JUN282245-45,NO,sell,1.0,0.04,0.96,0.04,0.04,0.0,0.04,2026-06-29T02:41:12.318221Z,,False
67662864-0159-4c9d-fd18-5e5b4d19b890,7ef4160f-aca4-44f3-bf07-58626cc6d858,KXBTC15M-26JUN282245-45,NO,sell,1.0,0.04,0.96,0.04,0.04,0.0,0.04,2026-06-29T02:41:12.318221Z,,False
3f4c49a1-907d-4d9b-cc06-3d85fd5dcd6a,26de77ca-3d80-45f5-8e19-3bbcdc82ada2,KXBTC15M-26JUN282245-45,NO,sell,1.0,0.04,0.96,0.04,0.04,0.0,0.04,2026-06-29T02:41:12.318221Z,,False
120bd012-4192-4f10-fbed-4e5094401671,0b99ee79-ec6f-477e-b9f2-4869b59f76b9,KXBTC15M-26JUN282245-45,NO,sell,1.0,0.04,0.96,0.04,0.04,0.0,0.04,2026-06-29T02:41:12.318221Z,,False
7b6b41e5-1092-4472-6859-175d822408e3,ad1a121d-c9c3-4ea0-845b-f9cd7812594f,KXBTC15M-26JUN282245-45,NO,sell,1.0,0.05,0.95,0.05,0.05,0.0,0.05,2026-06-29T02:41:10.77543Z,,False
b960cd2f-3aca-6eeb-ec16-b80bd5e2c111,4418f918-8433-4741-86a9-3a5d0e9d1e31,KXBTC15M-26JUN282245-45,NO,sell,1.0,0.06,0.94,0.06,0.06,0.0,0.06,2026-06-29T02:40:40.826674Z,,False
923e5ac8-aae1-6592-da07-d215baaefb0e,6f466eff-1418-4c38-b0b8-504361d1242e,KXBTC15M-26JUN282245-45,NO,sell,1.0,0.06,0.94,0.06,0.06,0.0,0.06,2026-06-29T02:40:40.826674Z,,False
3c5ab99a-7c82-67b6-c7bd-ec73151915c6,c1228dad-c27b-4e1c-ad02-6e25ce66cae6,KXBTC15M-26JUN282245-45,NO,sell,1.0,0.06,0.94,0.06,0.06,0.0,0.06,2026-06-29T02:40:40.826674Z,,False
18f9d99c-d55e-6bb8-c557-77ae483fc737,e581edab-6ba7-4212-afe8-f5f893401817,KXBTC15M-26JUN282245-45,NO,sell,1.0,0.06,0.94,0.06,0.06,0.0,0.06,2026-06-29T02:40:40.826674Z,,False
86186d4a-0f50-5c67-37bd-3426718df45b,8766db57-e2c5-466d-98a7-8abeb42bb537,KXBTC15M-26JUN282245-45,NO,sell,1.0,0.07,0.93,0.07,0.07,0.0,0.07,2026-06-29T02:40:38.762147Z,,False
54c20a8c-0081-5538-3734-7f1c7e88256f,55bcbc91-ed14-4f32-982e-c184bb2e6403,KXBTC15M-26JUN282245-45,NO,sell,1.0,0.07,0.93,0.07,0.07,0.0,0.07,2026-06-29T02:40:38.762147Z,,False
1853492c-358d-5379-36e3-ef7729cb7584,192dff31-d818-4973-99f9-51efec6d34e8,KXBTC15M-26JUN282245-45,NO,sell,1.0,0.07,0.93,0.07,0.07,0.0,0.07,2026-06-29T02:40:38.762147Z,,False
a8719389-4a35-5bb4-4ff8-fb0913910159,61fd4455-93ae-474b-b3bb-e32ba86e7c89,KXBTC15M-26JUN282245-45,NO,sell,1.0,0.14,0.86,0.14,0.14,0.0085,0.14850000000000002,2026-06-29T02:39:19.300437Z,,True
26d8c4bc-a3a4-5bff-e481-d1380eb5856a,3d26731b-181f-47cc-9f62-efe458cc5d1d,KXBTC15M-26JUN282245-45,NO,sell,1.0,0.12,0.88,0.12,0.12,0.0074,0.12739999999999999,2026-06-29T02:39:14.237108Z,,True
8a9ee87f-16ec-5dea-0352-4ddb5e883047,56a1db4e-cc05-4405-a9ee-d49eb0e91074,KXSOL15M-26JUN282245-45,NO,sell,1.0,0.16,0.84,0.16,0.16,0.0095,0.1695,2026-06-29T02:39:10.913566Z,,True
defc9982-ea68-7718-4271-29e1375be0c9,e42af1f5-e67a-4c9d-b834-5c4f272d421e,KXBTC15M-26JUN282245-45,NO,sell,1.0,0.12,0.88,0.12,0.12,0.0074,0.12739999999999999,2026-06-29T02:39:09.272922Z,,True
b160917e-e144-51c7-e074-4cf8b955cf9b,9ba0915d-01c1-48a1-bff4-6848e2c8f56b,KXSOL15M-26JUN282245-45,NO,sell,1.0,0.14,0.86,0.14,0.14,0.0,0.14,2026-06-29T02:39:06.255846Z,,False
e0553e10-e1b8-6af9-1d9d-44a87cfb8054,cfd35349-99d5-49cf-8470-f815a9e4d818,KXSOL15M-26JUN282245-45,NO,sell,1.0,0.14,0.86,0.14,0.14,0.0,0.14,2026-06-29T02:39:04.865705Z,,False
c598f977-b920-63c1-1601-5d46ecd0d142,ea1e942e-c14d-40f7-8fec-e1fb39cf890e,KXSOL15M-26JUN282245-45,NO,sell,1.0,0.14,0.86,0.14,0.14,0.0,0.14,2026-06-29T02:39:04.865705Z,,False
72397f21-0f1b-676d-2b2d-ae97be7e701c,5dbf1278-7776-445b-b2c0-122a6b612850,KXSOL15M-26JUN282245-45,NO,sell,1.0,0.14,0.86,0.14,0.14,0.0,0.14,2026-06-29T02:39:04.865705Z,,False
585b9760-6ef2-66fd-2b95-b0a7aeb6dc51,77ddfa39-169f-45cb-b278-0c1a7ba9841d,KXSOL15M-26JUN282245-45,NO,sell,1.0,0.14,0.86,0.14,0.14,0.0,0.14,2026-06-29T02:39:04.865705Z,,False
3f3b2d0c-3e4c-60e3-0078-841b912d822a,10bd4055-4621-43d5-9995-38a64432da66,KXSOL15M-26JUN282245-45,NO,sell,1.0,0.14,0.86,0.14,0.14,0.0,0.14,2026-06-29T02:39:04.865705Z,,False
33a5774f-5992-6a2d-2d88-91f54338e57f,1c231a16-21ff-491b-b465-2d489627bd33,KXSOL15M-26JUN282245-45,NO,sell,1.0,0.14,0.86,0.14,0.14,0.0,0.14,2026-06-29T02:39:04.865705Z,,False
1eb7ce0a-5524-654e-3cc0-e08653227269,3131a353-2d49-4678-a52d-5c3b863d2a25,KXSOL15M-26JUN282245-45,NO,sell,1.0,0.14,0.86,0.14,0.14,0.0,0.14,2026-06-29T02:39:04.865705Z,,False
11d1ac9a-a782-7412-26a0-d162661dc462,1fd2a861-f87a-4ddc-ae20-d8f5bd5778fa,KXBTC15M-26JUN282245-45,NO,sell,1.0,0.12,0.88,0.12,0.12,0.0074,0.12739999999999999,2026-06-29T02:39:04.54439Z,,True
bd3f72f8-16fa-6825-06a1-bd241df1875a,0cee4d92-937b-4397-abf5-d82e9dea155e,KXBTC15M-26JUN282245-45,NO,sell,1.0,0.14,0.86,0.14,0.14,0.0,0.14,2026-06-29T02:39:01.448014Z,,False
95245154-d2b0-6417-3b77-44d1dcec3cd9,24f56e3e-5731-4fa5-9623-21db5cf7aedd,KXBTC15M-26JUN282245-45,NO,sell,1.0,0.14,0.86,0.14,0.14,0.0,0.14,2026-06-29T02:39:01.448014Z,,False
6beddd77-a015-60f4-06f1-02ace18fb019,da3ce21d-2594-4b46-aba5-67a66194221d,KXBTC15M-26JUN282245-45,NO,sell,1.0,0.14,0.86,0.14,0.14,0.0,0.14,2026-06-29T02:39:01.448014Z,,False
2b76990a-3ea2-67a4-27e1-052567920f58,9aa7a660-bb23-4c16-8ab5-602fe7899d5c,KXBTC15M-26JUN282245-45,NO,sell,1.0,0.14,0.86,0.14,0.14,0.0,0.14,2026-06-29T02:39:01.448014Z,,False
20858a5c-0e87-66bb-1c05-098c92661d00,9154b536-8b06-4d09-b151-6c86127d8f04,KXBTC15M-26JUN282245-45,NO,sell,1.0,0.14,0.86,0.14,0.14,0.0,0.14,2026-06-29T02:39:01.448014Z,,False
16fede19-c04f-63cf-2c7d-b1e7368adc58,a72fe173-45ce-487d-8129-d4edb6914e5c,KXBTC15M-26JUN282245-45,NO,sell,1.0,0.14,0.86,0.14,0.14,0.0,0.14,2026-06-29T02:39:01.448014Z,,False
60e799a7-7261-5503-44ad-dde4c1729c7b,5c7fd0d4-a950-41f1-8091-7a280c36baaf,KXBTC15M-26JUN282245-45,NO,sell,1.0,0.18,0.82,0.18,0.18,0.0,0.18,2026-06-29T02:38:59.311163Z,,False
35224ff1-7842-53db-4092-3dbe49c7b789,9c17206d-76b7-40e5-a850-87dc142648b9,KXBTC15M-26JUN282245-45,NO,sell,1.0,0.16,0.84,0.16,0.16,0.0,0.16,2026-06-29T02:38:58.336157Z,,False
a36a2d9d-64c2-4ff9-3c7c-7a9109bcfe33,a3831a47-5023-436f-82cb-f178f229edf3,KXBTC15M-26JUN282245-45,NO,sell,1.0,0.18,0.82,0.18,0.18,0.0,0.18,2026-06-29T02:38:55.335579Z,,False
31da13d8-07fc-659f-7aa7-f880d009b7a9,be0fd52d-adde-48ee-b43c-c29b1898477e,KXETH15M-26JUN282145-45,NO,sell,1.0,0.002,0.998,0.002,0.002,0.0002,0.0022,2026-06-29T01:42:14.409401Z,,True
39757797-19fd-5049-b9e0-08f338adba3e,0e1551dd-7088-459a-8175-fc1ca6a81fed,KXBTC15M-26JUN282145-45,NO,sell,1.0,0.002,0.998,0.002,0.002,0.0002,0.0022,2026-06-29T01:42:13.16214Z,,True
3333f3a0-62d0-7357-6ef3-80d7bd28a8d5,3eb5ad33-b495-4d5c-b129-dc8ec3d000a1,KXETH15M-26JUN282145-45,NO,sell,1.0,0.002,0.998,0.002,0.002,0.0002,0.0022,2026-06-29T01:42:09.439642Z,,True
2cb40717-ea35-5b95-fdc4-409658bd061e,4b650dfd-4c7a-476d-907c-ee05feac30e5,KXBTC15M-26JUN282145-45,NO,sell,1.0,0.002,0.998,0.002,0.002,0.0002,0.0022,2026-06-29T01:42:08.100951Z,,True
916c22e8-7e1c-5cd7-2865-6e9da567cc89,d6225961-b3a6-46bc-a08c-671c45c3d9b6,KXETH15M-26JUN282145-45,NO,sell,1.0,0.002,0.998,0.002,0.002,0.0002,0.0022,2026-06-29T01:42:04.347604Z,,True
c238dcad-7f0d-75b1-9fb6-7001b0767d02,30c63b13-e934-4ce4-88e0-6220049eee22,KXBTC15M-26JUN282145-45,NO,sell,1.0,0.002,0.998,0.002,0.002,0.0002,0.0022,2026-06-29T01:42:03.059702Z,,True
9794de5e-1726-6e91-592d-ea43a20d7611,13a8bd42-853f-49c7-ba94-b62f038870c2,KXETH15M-26JUN282145-45,NO,sell,1.0,0.005,0.995,0.005,0.005,0.0004,0.0054,2026-06-29T01:41:59.32327Z,,True
9fa31839-61e8-6152-8525-1f839582a701,9339caa5-bb08-4bf1-8a08-d1d5c1fe801f,KXBTC15M-26JUN282145-45,NO,sell,1.0,0.003,0.997,0.003,0.003,0.0003,0.0033,2026-06-29T01:41:58.064155Z,,True
cd8d19db-99e4-5a3c-115f-0c4a0175123b,daa0f966-bc11-45aa-aea2-16199b9eab56,KXSOL15M-26JUN282145-45,NO,sell,1.0,0.01,0.99,0.01,0.01,0.0007,0.0107,2026-06-29T01:41:54.425479Z,,True
d9ed65f8-1b84-55d8-6ca3-6533a64a9383,626063e7-138a-4576-b13d-d4b2b2972b3a,KXBTC15M-26JUN282145-45,NO,sell,1.0,0.006,0.994,0.006,0.006,0.0005,0.006500000000000001,2026-06-29T01:41:53.166038Z,,True
ea312667-5380-5689-f1eb-610180ce8bde,77f5dd66-f70b-46a9-9b4b-860525810d38,KXSOL15M-26JUN282145-45,NO,sell,1.0,0.01,0.99,0.01,0.01,0.0007,0.0107,2026-06-29T01:41:49.600474Z,,True
0e7734b2-95d4-6b0d-752d-9ffa684179c7,8810cffd-edc0-4b97-b9d0-9bee14e5c60d,KXBTC15M-26JUN282145-45,NO,sell,1.0,0.009,0.991,0.009,0.009,0.0007,0.009699999999999999,2026-06-29T01:41:48.332269Z,,True
3d7df506-a1fe-71ec-4c72-17136c7fc03f,2f245b36-cec7-47e6-ae0d-ce782ab2a903,KXSOL15M-26JUN282145-45,NO,sell,1.0,0.01,0.99,0.01,0.01,0.0,0.01,2026-06-29T01:41:45.022264Z,,False
7d5dbcfc-e57a-4be2-3829-b20f9ac8ace2,8cd7a962-a8cc-42da-a82b-93c2a5cbf86e,KXBTC15M-26JUN282145-45,NO,sell,1.0,0.006,0.994,0.006,0.006,0.0005,0.006500000000000001,2026-06-29T01:41:43.288747Z,,True
68096277-d76e-7c9e-ccd2-c2e3a31219d2,ae731a55-29c9-4c2e-90c0-579247ea5bf1,KXXRP15M-26JUN282145-45,NO,sell,1.0,0.02,0.98,0.02,0.02,0.0014,0.0214,2026-06-29T01:41:41.181179Z,,True
2ca0bf31-160f-457d-cdb9-6e6f5c197ae0,3e6e12d4-8932-40d7-a27c-83197de61474,KXSOL15M-26JUN282145-45,NO,sell,1.0,0.01,0.99,0.01,0.01,0.0,0.01,2026-06-29T01:41:40.300812Z,,False
f3cff15b-6662-74fe-4b8d-817fd67faed1,b08f8af3-cec7-4ef3-bcf6-14518a8a6cd5,KXETH15M-26JUN282145-45,NO,sell,1.0,0.006,0.994,0.006,0.006,0.0005,0.006500000000000001,2026-06-29T01:41:38.640278Z,,True
1e0112e8-a8df-6c38-2793-dac4b543aa14,b0bbd3d1-8986-48c6-82b1-238acae405cc,KXSOL15M-26JUN282145-45,NO,sell,1.0,0.01,0.99,0.01,0.01,0.0,0.01,2026-06-29T01:41:37.884055Z,,False
0de11e41-3e09-6a15-9268-6ae028bca237,6f30c16c-7899-4909-83ef-3ccb7307b55a,KXBTC15M-26JUN282145-45,NO,sell,1.0,0.01,0.99,0.01,0.01,0.0007,0.0107,2026-06-29T01:41:37.133575Z,,True
776d9660-4c05-75ab-918e-5a4e16e16887,5063e4e4-d0a0-4c38-890c-528b3bb129a8,KXXRP15M-26JUN282145-45,NO,sell,1.0,0.019,0.981,0.019,0.019,0.0014,0.020399999999999998,2026-06-29T01:41:34.992722Z,,True
3115cd9c-8ac9-49ab-6e39-fd8e9b68dcfe,b1243170-3d57-42a1-b321-816575e107bb,KXETH15M-26JUN282145-45,NO,sell,1.0,0.01,0.99,0.01,0.01,0.0007,0.0107,2026-06-29T01:41:32.35036Z,,True
5e2408a3-93de-75e9-3d08-ea5cdb57e1a9,5d8c3540-cc2f-4c86-af16-d64290499639,KXBTC15M-26JUN282145-45,NO,sell,1.0,0.008,0.992,0.008,0.008,0.0006,0.0086,2026-06-29T01:41:31.019604Z,,True
c1cffc66-e379-505a-4449-d2371b9dae22,de523bc1-61f8-4554-b7fa-14e35c16c3ae,KXETH15M-26JUN282145-45,NO,sell,1.0,0.01,0.99,0.01,0.01,0.0,0.01,2026-06-29T01:41:30.376552Z,,False
5cc446f8-2707-5f01-4b54-a86443881e20,4359815f-a586-4a0f-b8e7-6eb0040373ac,KXETH15M-26JUN282145-45,NO,sell,1.0,0.01,0.99,0.01,0.01,0.0,0.01,2026-06-29T01:41:30.376552Z,,False
07e53d77-83ea-5784-fe67-3a200ef81b32,3c14eb9d-6d0f-4457-98af-6e48dbcd16e0,KXSOL15M-26JUN282145-45,NO,sell,1.0,0.01,0.99,0.01,0.01,0.0007,0.0107,2026-06-29T01:41:28.661751Z,,True
0b754dbf-ab41-4b89-e021-6e5fc6499f59,ce71c371-7498-4db7-a94a-4d781684baa1,KXBTC15M-26JUN282145-45,NO,sell,0.75,0.01,0.99,0.01,0.0075,0.0,0.0075,2026-06-29T01:41:25.749181Z,,False
03c3cb80-b65d-5891-e041-40aafab9964d,ce71c371-7498-4db7-a94a-4d781684baa1,KXBTC15M-26JUN282145-45,NO,sell,0.25,0.01,0.99,0.01,0.0025,0.0,0.0025,2026-06-29T01:41:25.012429Z,,False
5112a36b-e800-54c1-83a9-85238424a41b,c22a5a04-8221-44b1-844a-273a72274295,KXBTC15M-26JUN282145-45,NO,sell,1.0,0.01,0.99,0.01,0.01,0.0007,0.0107,2026-06-29T01:41:20.046567Z,,True
07d45e6f-cd40-7cda-6437-f5faf0a93824,92f33a44-f813-4ff7-bd18-4c2e23df19c8,KXETH15M-26JUN282145-45,NO,sell,1.0,0.043,0.957,0.043,0.043,0.0029,0.045899999999999996,2026-06-29T01:39:35.834345Z,,True
3f2d0612-e2c6-7e4d-19c4-551152524dde,40448fbf-51e2-4f13-a239-b9cd475e8a93,KXETH15M-26JUN282145-45,NO,sell,1.0,0.05,0.95,0.05,0.05,0.0034,0.0534,2026-06-29T01:39:27.886298Z,,True
9ed90aee-bb46-57b0-7d0e-23c0da5b3493,7e02f074-728a-4795-b4ed-e841d5e80198,KXETH15M-26JUN282145-45,NO,sell,1.0,0.054,0.946,0.054,0.054,0.0036,0.0576,2026-06-29T01:39:21.580645Z,,True
b938dc70-322a-68aa-9cb2-a8b152647912,26aff642-e219-4aa0-8f45-944d2270c4ff,KXETH15M-26JUN282145-45,NO,sell,1.0,0.06,0.94,0.06,0.06,0.004,0.064,2026-06-29T01:39:19.026076Z,,True
a1c5439d-80f1-69b2-f499-af95b7f2eb1e,3b695abe-057c-48ed-93ec-cc0dd1e13d28,KXETH15M-26JUN282145-45,NO,sell,1.0,0.056,0.944,0.056,0.056,0.0038,0.0598,2026-06-29T01:39:11.386275Z,,True
f429a2d3-ef2a-4656-0d99-cc27fb32343e,587ded71-a947-46ec-a984-2f7ca9871a5a,KXETH15M-26JUN282145-45,NO,sell,1.0,0.06,0.94,0.06,0.06,0.0,0.06,2026-06-29T01:39:05.448883Z,,False
ee6282e6-4223-4c6b-06b5-6ac6b6ccbf70,4236cd44-044e-4cd1-a2a8-899de4799114,KXETH15M-26JUN282145-45,NO,sell,1.0,0.06,0.94,0.06,0.06,0.0,0.06,2026-06-29T01:39:05.448883Z,,False
d7c799f0-834a-4ed6-104f-2a2fc852d8c1,7b93d652-c527-4e6c-b452-c9749ae7f6a5,KXETH15M-26JUN282145-45,NO,sell,1.0,0.06,0.94,0.06,0.06,0.0,0.06,2026-06-29T01:39:05.448883Z,,False
d3c74771-645b-4ed9-025f-ebf943034d85,7f9308d3-2236-4e63-a642-08a211b663e1,KXETH15M-26JUN282145-45,NO,sell,1.0,0.06,0.94,0.06,0.06,0.0,0.06,2026-06-29T01:39:05.448883Z,,False
d107c7c5-4eb2-45d0-2f4d-fe457eae4980,7d538867-08df-456a-8b50-1d1e2c1b67e4,KXETH15M-26JUN282145-45,NO,sell,1.0,0.06,0.94,0.06,0.06,0.0,0.06,2026-06-29T01:39:05.448883Z,,False
c9f6ccf4-f409-4817-1d0f-5f04df20ca94,65a28356-b264-48ad-b912-bc5f8d95e4f0,KXETH15M-26JUN282145-45,NO,sell,1.0,0.06,0.94,0.06,0.06,0.0,0.06,2026-06-29T01:39:05.448883Z,,False
ba496757-b06e-4355-14cd-27fa48c716fc,161d28f5-f603-43ef-b0d0-c4a11a723898,KXETH15M-26JUN282145-45,NO,sell,1.0,0.06,0.94,0.06,0.06,0.0,0.06,2026-06-29T01:39:05.448883Z,,False
a7f1f59d-0a7c-451e-3955-9da595b4e323,0ba5ba3f-4c11-45a4-9d48-7efec701cd47,KXETH15M-26JUN282145-45,NO,sell,1.0,0.06,0.94,0.06,0.06,0.0,0.06,2026-06-29T01:39:05.448883Z,,False
9d9c4e42-08b9-40e9-1174-9e2949807058,31c801e0-4ed4-4053-b569-7d721b355e3c,KXETH15M-26JUN282145-45,NO,sell,1.0,0.06,0.94,0.06,0.06,0.0,0.06,2026-06-29T01:39:05.448883Z,,False
9c5839fe-5349-453b-0c07-28459949df17,300c765c-1524-4581-a81a-cb1ecbfcf173,KXETH15M-26JUN282145-45,NO,sell,1.0,0.06,0.94,0.06,0.06,0.0,0.06,2026-06-29T01:39:05.448883Z,,False
982e9003-ff17-4753-1237-e6d10fdb43dd,347adfa1-b97a-47e9-b62a-058a5d6e6db9,KXETH15M-26JUN282145-45,NO,sell,1.0,0.06,0.94,0.06,0.06,0.0,0.06,2026-06-29T01:39:05.448883Z,,False
66288a42-38f1-4932-1d1a-a596b6403527,ca7cc5e0-7e9c-4988-b907-46cde4f51b43,KXETH15M-26JUN282145-45,NO,sell,1.0,0.06,0.94,0.06,0.06,0.0,0.06,2026-06-29T01:39:05.448883Z,,False
58947914-fb1c-4cb9-0027-4ce335701531,f4c036b6-bd71-4c03-a43a-afb867c53b55,KXETH15M-26JUN282145-45,NO,sell,1.0,0.06,0.94,0.06,0.06,0.0,0.06,2026-06-29T01:39:05.448883Z,,False
583f0edb-c10e-48a3-293f-e16ffcde0f4b,f46b4179-8763-4819-8d22-0234ae6b212f,KXETH15M-26JUN282145-45,NO,sell,1.0,0.06,0.94,0.06,0.06,0.0,0.06,2026-06-29T01:39:05.448883Z,,False
4ea77eff-c87c-4967-265d-8ae980a15324,e2f3315d-8e11-49dd-8240-69b2d2147d40,KXETH15M-26JUN282145-45,NO,sell,1.0,0.06,0.94,0.06,0.06,0.0,0.06,2026-06-29T01:39:05.448883Z,,False
4cab4b4a-2906-4276-36de-6987bbed4876,e0ff04e8-6f6b-42cc-92c3-8adce9586612,KXETH15M-26JUN282145-45,NO,sell,1.0,0.06,0.94,0.06,0.06,0.0,0.06,2026-06-29T01:39:05.448883Z,,False
4b18ea62-9d23-412a-350b-0bf7b9761ae0,e74ca5c0-db4e-4190-9116-e8acebc33484,KXETH15M-26JUN282145-45,NO,sell,1.0,0.06,0.94,0.06,0.06,0.0,0.06,2026-06-29T01:39:05.448883Z,,False
4aa88dd4-6b0e-4acc-2f08-995f903251bb,e6fcc276-2d63-4a76-8b15-7a04c2877fdf,KXETH15M-26JUN282145-45,NO,sell,1.0,0.06,0.94,0.06,0.06,0.0,0.06,2026-06-29T01:39:05.448883Z,,False
3836a184-bff8-432f-2cc0-b9a089a8c4a3,9462ee26-f995-4395-88dd-5afbdb1deac7,KXETH15M-26JUN282145-45,NO,sell,1.0,0.06,0.94,0.06,0.06,0.0,0.06,2026-06-29T01:39:05.448883Z,,False
1ca3a8c6-0574-4943-2158-e10e83ff4b06,b0f7e764-4319-49f9-8545-0255d14a6562,KXETH15M-26JUN282145-45,NO,sell,1.0,0.06,0.94,0.06,0.06,0.0,0.06,2026-06-29T01:39:05.448883Z,,False
53154653-be7b-691c-4f16-9acf5a7d95a7,9ff9d92a-4842-4276-a89d-d35bd7e47c1b,KXSOL15M-26JUN282145-45,NO,sell,0.61,0.07,0.93,0.07,0.0427,0.0,0.0427,2026-06-29T01:38:59.418074Z,,False
742c090f-fb33-6a70-670e-cde3446ff6cb,9ff9d92a-4842-4276-a89d-d35bd7e47c1b,KXSOL15M-26JUN282145-45,NO,sell,0.39,0.07,0.93,0.07,0.027300000000000005,0.0,0.027300000000000005,2026-06-29T01:38:54.098185Z,,False
82eabc95-9bb1-7715-e602-8275a3490a9c,ea1dab22-026c-4847-b3b3-63dc9c1ddbcc,KXETH15M-26JUN282145-45,NO,sell,0.34,0.1,0.9,0.1,0.034,0.0,0.034,2026-06-29T01:38:31.718192Z,,False
6d539158-d575-730e-ffbb-81c6330b6e8c,05a486ef-4ca8-4c5c-aa0a-606f0c5fbfdc,KXETH15M-26JUN282145-45,NO,sell,1.0,0.1,0.9,0.1,0.1,0.0,0.1,2026-06-29T01:38:31.718192Z,,False
422f94ae-78a4-7d2a-f35c-0a581eb019f9,2ad88319-e179-4278-a6ed-ebf121e4c8a9,KXETH15M-26JUN282145-45,NO,sell,1.0,0.1,0.9,0.1,0.1,0.0,0.1,2026-06-29T01:38:31.718192Z,,False
7e5bd555-bac5-654d-600f-0013205056d4,ea1dab22-026c-4847-b3b3-63dc9c1ddbcc,KXETH15M-26JUN282145-45,NO,sell,0.66,0.1,0.9,0.1,0.066,0.0,0.066,2026-06-29T01:38:28.369045Z,,False
6103a471-709c-4f29-19d9-8ecd5d271f6d,cdeab67d-1d3c-4174-af17-31c37ecbb868,KXSOL15M-26JUN282145-45,NO,sell,1.0,0.074,0.926,0.074,0.074,0.0048,0.0788,2026-06-29T01:37:12.232157Z,,True
2f3d21a8-cc7f-6c25-eab4-f63060dbdb02,31fbb366-4e77-49da-99a4-eadaafe3c1ae,KXSOL15M-26JUN282145-45,NO,sell,1.0,0.069,0.931,0.069,0.069,0.0045,0.07350000000000001,2026-06-29T01:37:07.531778Z,,True
f851bb84-03a9-5e42-90ec-2eeedcd39571,6ced3fba-3080-4510-988c-c17d7a32f36d,KXETH15M-26JUN282145-45,NO,sell,1.0,0.1,0.9,0.1,0.1,0.0,0.1,2026-06-29T01:37:03.544969Z,,False
f54dadf0-82c4-5798-84c3-01485029eb96,61f129ce-b1ed-4cca-8ca3-eedbf6c88d8a,KXETH15M-26JUN282145-45,NO,sell,1.0,0.1,0.9,0.1,0.1,0.0,0.1,2026-06-29T01:37:03.544969Z,,False
b41c648b-5387-54a8-b5dd-c921e231a63e,20a0e0b5-60ae-4ffa-bdbd-26b244d0c022,KXETH15M-26JUN282145-45,NO,sell,1.0,0.1,0.9,0.1,0.1,0.0,0.1,2026-06-29T01:37:03.544969Z,,False
ab6c0cb4-ab14-590b-88b0-fd1b6f62bc01,3fd0888a-983d-4259-80d0-1288c983da1d,KXETH15M-26JUN282145-45,NO,sell,1.0,0.1,0.9,0.1,0.1,0.0,0.1,2026-06-29T01:37:03.544969Z,,False
72ce193c-215c-78d3-6b8c-c1fd5a90c08e,9f5b87ff-46b9-4c21-bfaf-3bf546054136,KXSOL15M-26JUN282145-45,NO,sell,0.05,0.09,0.91,0.09,0.0045,0.0,0.0045,2026-06-29T01:37:03.160568Z,,False
f6efec84-557f-4a93-1f10-cdca0b64d4a5,3f2b5e0d-2e1e-48d1-99e7-6d139d21258d,KXSOL15M-26JUN282145-45,NO,sell,1.0,0.09,0.91,0.09,0.09,0.0,0.09,2026-06-29T01:37:02.877072Z,,False
9e7dd433-37b6-49de-0178-3ba286b7cd04,57b966ba-4cd7-4b9c-878f-9b7b10f23c2c,KXSOL15M-26JUN282145-45,NO,sell,1.0,0.09,0.91,0.09,0.09,0.0,0.09,2026-06-29T01:37:02.877072Z,,False
8f775a7f-e4ac-4745-0268-6862cf7a0ba8,46b3e8f6-9fcd-4507-849f-c8bb593ffa80,KXSOL15M-26JUN282145-45,NO,sell,1.0,0.09,0.91,0.09,0.09,0.0,0.09,2026-06-29T01:37:02.877072Z,,False
569f3576-3dd8-4e63-3958-9b2cd040b01e,9f5b87ff-46b9-4c21-bfaf-3bf546054136,KXSOL15M-26JUN282145-45,NO,sell,0.95,0.09,0.91,0.09,0.08549999999999999,0.0,0.08549999999999999,2026-06-29T01:37:02.877072Z,,False
6e9c8e72-d737-6976-f713-ecf4c43c9c00,b23d5d56-9765-4859-9d73-75d4e60c1df5,KXXRP15M-26JUN282100-00,YES,buy,1.0,0.39,0.39,0.61,0.39,0.0167,0.4067,2026-06-29T00:46:17.959145Z,,True
5d580701-81e2-7e92-25e9-cc0e1daa8210,ef1b7497-c2b9-4edd-a240-d0291c32309e,KXXRP15M-26JUN282100-00,YES,buy,1.0,0.38,0.38,0.62,0.38,0.0165,0.3965,2026-06-29T00:46:12.889387Z,,True
3dec2189-d9c2-6af6-cb4d-641674b774f9,14301680-4ecd-48c8-9d4a-fcbad01d6845,KXXRP15M-26JUN282100-00,YES,buy,1.0,0.38,0.38,0.62,0.38,0.0165,0.3965,2026-06-29T00:46:02.956321Z,,True
f45f6db9-1bb4-5db6-8b55-90f77af3553a,f857b5e6-3f84-47bd-8695-36455e99edd5,KXXRP15M-26JUN282100-00,YES,buy,1.0,0.41,0.41,0.59,0.41,0.017,0.427,2026-06-29T00:45:57.924657Z,,True
b7138a58-c06d-74ab-41f1-5b1570ea19a0,d92f4370-6827-4dfb-b54f-bb87cab6db81,KXDOGE15M-26JUN282045-45,YES,buy,1.0,0.4,0.4,0.6,0.4,0.0168,0.4168,2026-06-29T00:33:42.326483Z,,True
08b9fc34-05f1-634b-7ae0-a68cbc32e70c,178b11e7-a957-4912-b849-a8262fcf8570,KXDOGE15M-26JUN282045-45,YES,buy,1.0,0.39,0.39,0.61,0.39,0.0167,0.4067,2026-06-29T00:33:37.495075Z,,True
ed8bd3b3-a6ff-72cd-147e-3ea56e67e5dd,f82fa84a-f382-4db9-ad72-c00d8dabe378,KXETH15M-26JUN282045-45,YES,buy,1.0,0.18,0.18,0.82,0.18,0.0104,0.19039999999999999,2026-06-29T00:33:27.083123Z,,True
81b726dd-64c8-5b56-0cba-482a3ffb816a,bfeb4e33-ff1e-4578-ab16-0d5528da0f02,KXETH15M-26JUN282045-45,YES,buy,1.0,0.2,0.2,0.8,0.2,0.0112,0.2112,2026-06-29T00:33:21.738023Z,,True
c23e5d0f-84a7-49bd-2631-5c34690b358a,5daf6da8-43dd-4324-a90e-591a0e49b0a2,KXETH15M-26JUN282045-45,YES,buy,1.0,0.19,0.19,0.81,0.19,0.0108,0.2008,2026-06-29T00:33:18.007217Z,,True
d045ec36-5f71-5ea7-167d-e31b9c649227,14b26389-9748-46e2-aebd-fa15f5c3d738,KXBTC15M-26JUN282045-45,YES,buy,1.0,0.23,0.23,0.77,0.23,0.0124,0.2424,2026-06-29T00:33:16.42227Z,,True
968e4e39-a32e-5833-365a-44933e6839e3,9311547b-78cd-4749-af3c-5190ddc4f128,KXETH15M-26JUN282045-45,YES,buy,0.47,0.16,0.16,0.84,0.0752,0.0045,0.07970000000000001,2026-06-29T00:33:13.059277Z,,True
080f7a0e-2a67-51d6-2ed5-54e8036caca5,9311547b-78cd-4749-af3c-5190ddc4f128,KXETH15M-26JUN282045-45,YES,buy,0.53,0.14,0.14,0.86,0.07420000000000002,0.0045,0.07870000000000002,2026-06-29T00:33:13.059277Z,,True
0ce5c80a-e133-739d-9370-002ef6ddb177,0fdcdee6-021c-4fcd-85e8-2d134bf8f285,KXBTC15M-26JUN282045-45,YES,buy,1.0,0.19,0.19,0.81,0.19,0.0108,0.2008,2026-06-29T00:33:11.71559Z,,True
905c6bce-ffeb-6d6e-b3bb-647c55d1ecef,17818d8f-0dd6-49b2-89ea-f6afb3635cb4,KXETH15M-26JUN282045-45,YES,buy,1.0,0.14,0.14,0.86,0.14,0.0085,0.14850000000000002,2026-06-29T00:33:08.320789Z,,True
bf0edc12-43a0-6f0b-2819-888de696212e,3972ffb5-006b-4a83-afc2-b5c9ddaa8964,KXBTC15M-26JUN282045-45,YES,buy,1.0,0.2,0.2,0.8,0.2,0.0112,0.2112,2026-06-29T00:33:06.961133Z,,True
0a1f9b59-a0ac-6b99-c580-225d788f9cb9,ff068deb-b95f-4b5a-9d8e-3ddd4afcc254,KXETH15M-26JUN282045-45,YES,buy,1.0,0.14,0.14,0.86,0.14,0.0085,0.14850000000000002,2026-06-29T00:33:02.702489Z,,True
6ad5428a-1360-54f8-9e36-da5b510bfd1b,ea17aa16-2fd4-47d5-8408-dd72e347edcd,KXBTC15M-26JUN282045-45,YES,buy,0.03,0.21,0.21,0.79,0.006299999999999999,0.0004,0.006699999999999999,2026-06-29T00:33:01.380235Z,,True
61155744-bc67-512f-90cb-2ebb1dba509e,ea17aa16-2fd4-47d5-8408-dd72e347edcd,KXBTC15M-26JUN282045-45,YES,buy,0.97,0.21,0.21,0.79,0.2037,0.0113,0.215,2026-06-29T00:33:01.380235Z,,True
3caa0723-5096-77d9-0fd7-c27be6ae6333,f4ddf290-525c-4d6b-ac1e-e16b3e6cfc26,KXETH15M-26JUN282045-45,YES,buy,1.0,0.12,0.12,0.88,0.12,0.0074,0.12739999999999999,2026-06-29T00:32:57.723921Z,,True
7caeac15-76bb-7854-b14f-2b87691bc9d5,d84d2a14-2131-4fb9-8b95-f89ee5d26378,KXBTC15M-26JUN282045-45,YES,buy,1.0,0.19,0.19,0.81,0.19,0.0108,0.2008,2026-06-29T00:32:56.264042Z,,True
28209d63-c098-7ca5-c310-3598a355c3b0,2dd61f7b-34be-4e18-9b9d-43a22f91a77c,KXETH15M-26JUN282045-45,YES,buy,1.0,0.13,0.13,0.87,0.13,0.008,0.138,2026-06-29T00:32:52.525712Z,,True
794b27d9-7fa2-4620-9790-2094e0337f4f,1ad7b3f5-d30e-431a-8393-12034eb17958,KXBTC15M-26JUN282045-45,YES,buy,1.0,0.19,0.19,0.81,0.19,0.0108,0.2008,2026-06-29T00:32:51.023841Z,,True
b752e727-7c95-6e94-8463-9e6f21e11478,c985489a-0041-48c3-8969-df12c8827310,KXETH15M-26JUN282045-45,YES,buy,1.0,0.12,0.12,0.88,0.12,0.0074,0.12739999999999999,2026-06-29T00:32:43.784636Z,,True
79aeffd1-817d-6c93-0a0a-73768d267448,8f0789ba-3b6b-484d-ac41-351791f97681,KXBTC15M-26JUN282045-45,YES,buy,1.0,0.14,0.14,0.86,0.14,0.0085,0.14850000000000002,2026-06-29T00:32:41.13965Z,,True
514cc8d1-e4ed-763d-7d5d-79b8208b6ec9,9e83eee2-9115-4c80-bcdf-b349a2ee4cee,KXETH15M-26JUN282045-45,YES,buy,1.0,0.11,0.11,0.89,0.11,0.0069,0.1169,2026-06-29T00:32:37.228668Z,,True
1eec7126-47d7-7c9b-3c44-46e7ec9dc43a,c582cc83-4c87-4f4f-a668-cc0c8b15fc9c,KXBTC15M-26JUN282045-45,YES,buy,1.0,0.15,0.15,0.85,0.15,0.009,0.159,2026-06-29T00:32:35.899475Z,,True
c2da9d74-7c86-4f56-fc4a-561e4e270da2,fefc3334-aac0-4111-975e-34dd2b455725,KXBTC15M-26JUN281915-15,YES,buy,1.0,0.8,0.8,0.2,0.8,0.0112,0.8112,2026-06-28T23:01:35.803345Z,,True
2dca8de4-2528-5bfb-89ba-ca07ce548a7f,d8ad69e0-410a-4411-80b8-12f1d11dd656,KXBTC15M-26JUN281915-15,YES,buy,1.0,0.8,0.8,0.2,0.8,0.0112,0.8112,2026-06-28T23:01:30.925464Z,,True
6cb7c709-ae04-5aa7-6b2b-296487b4ee5a,347ddc11-5761-47e4-b8e1-3cd677bf6c67,KXBTC15M-26JUN281715-15,YES,buy,1.0,0.52,0.52,0.48,0.52,0.0175,0.5375,2026-06-28T21:04:59.52898Z,,True
a931fa68-baef-6c57-7130-1303ebaca028,59fab3b0-f92c-4a93-b42d-4933f5ac0de0,KXBTC15M-26JUN281715-15,YES,buy,1.0,0.57,0.57,0.43,0.57,0.0172,0.5871999999999999,2026-06-28T21:04:50.018192Z,,True
61db035e-15bb-621a-74ea-65895a7172d1,3b3309b7-3f87-48aa-beb3-34e21b48b8c7,KXBTC15M-26JUN281630-30,YES,buy,1.0,0.55,0.55,0.45,0.55,0.0174,0.5674,2026-06-28T20:19:25.317315Z,,True
1f28642b-01af-4f9b-12aa-6016b77167f8,fd5b237d-180e-4140-a1a7-7dfeb695005e,KXETH15M-26JUN281630-30,YES,buy,1.0,0.51,0.51,0.49,0.51,0.0175,0.5275,2026-06-28T20:19:16.387929Z,,True
2d46053b-ab7d-5314-2f29-249ea6b7fc77,9c3d0e49-3d37-46a2-a6a7-a91063f490f7,KXBTC15M-26JUN281630-30,YES,buy,1.0,0.55,0.55,0.45,0.55,0.0174,0.5674,2026-06-28T20:19:15.1032Z,,True
f585cc0f-35bc-6dc1-064b-a69b153dee49,4d7357f0-cea7-486a-a96a-d8e6bb42680f,KXETH15M-26JUN281630-30,YES,buy,1.0,0.48,0.48,0.52,0.48,0.0175,0.4975,2026-06-28T20:19:07.362951Z,,True
c95d559e-29b2-6b82-d896-1c1c066f7f9e,6d8a6ba7-b2fb-494d-95fe-881e9e38aa8b,KXBTC15M-26JUN281630-30,YES,buy,0.22,0.54,0.54,0.46,0.1188,0.0039,0.1227,2026-06-28T20:19:05.960697Z,,True
1b5008b7-9fd4-69e0-d666-a331bf77e8b7,6d8a6ba7-b2fb-494d-95fe-881e9e38aa8b,KXBTC15M-26JUN281630-30,YES,buy,0.78,0.54,0.54,0.46,0.4212,0.0136,0.4348,2026-06-28T20:19:05.960697Z,,True
db20b06f-0fe1-77ff-5521-2b475906687f,e412e29e-86f6-4dc1-b82d-7969807e1aec,KXETH15M-26JUN281615-15,YES,buy,1.0,0.55,0.55,0.45,0.55,0.0174,0.5674,2026-06-28T20:01:39.727899Z,,True
9a1bd7da-a21a-435e-c523-6150746fe47f,ed2abf12-6767-40b9-93b7-9301bbf24078,KXETH15M-26JUN281615-15,YES,buy,1.0,0.6,0.6,0.4,0.6,0.0168,0.6168,2026-06-28T20:01:30.561201Z,,True
638c05b2-e03e-79dd-638c-78a0f50c95ec,06d85fe2-3a4a-4e40-bc05-580b7e2abd45,KXBTC15M-26JUN281615-15,YES,buy,1.0,0.56,0.56,0.44,0.56,0.0173,0.5773,2026-06-28T20:01:29.283259Z,,True
e68cbf95-6d5d-5761-dc69-04e1ad6fefda,f9eae25a-088c-4422-9048-3aa7c9babad4,KXETH15M-26JUN281615-15,YES,buy,1.0,0.59,0.59,0.41,0.59,0.017,0.607,2026-06-28T20:01:21.12254Z,,True
aa2e8edc-07c1-70ea-53ea-6027b6165e13,d1701fb2-ea30-4d29-b72f-e9f56ae0887e,KXBTC15M-26JUN281615-15,YES,buy,1.0,0.52,0.52,0.48,0.52,0.0175,0.5375,2026-06-28T20:01:19.835911Z,,True
90020955-ee65-7377-7e44-0b305228ba8d,8eaf7a86-0563-4d3e-b182-3bb2c881c37c,KXBTC15M-26JUN281600-00,YES,buy,0.9,0.47,0.47,0.53,0.423,0.0157,0.4387,2026-06-28T19:54:14.066946Z,,True
048db302-7a16-7253-76d1-88442f034c11,8eaf7a86-0563-4d3e-b182-3bb2c881c37c,KXBTC15M-26JUN281600-00,YES,buy,0.1,0.46,0.46,0.54,0.046000000000000006,0.0018,0.04780000000000001,2026-06-28T19:54:14.066946Z,,True
9c669f4c-b206-5e52-239f-feb563db5208,de125d2e-6906-475c-ab96-6167b90bca59,KXBTC15M-26JUN281445-45,YES,buy,1.0,0.62,0.62,0.38,0.62,0.0165,0.6365,2026-06-28T18:31:22.459351Z,,True
dd8d7bb4-3887-742a-e332-02340c148c72,6ef7a100-81ff-4ebd-9db8-3b388b710b0d,KXBTC15M-26JUN281445-45,YES,buy,1.0,0.65,0.65,0.35,0.65,0.016,0.666,2026-06-28T18:31:12.199466Z,,True
0154ffd4-9679-6405-2dd1-5d6b248fd665,b6b79e8f-732e-4903-af18-3d722d0551c9,KXETH15M-26JUN281445-45,YES,buy,1.0,0.5,0.5,0.5,0.5,0.0175,0.5175,2026-06-28T18:30:46.706573Z,,True
dfcdc79b-72d6-77f8-0960-a116594e7cdc,c1164f5c-89e4-4d85-a4b8-f0e2eafe35ff,KXETH15M-26JUN281445-45,YES,buy,1.0,0.51,0.51,0.49,0.51,0.0175,0.5275,2026-06-28T18:30:37.31901Z,,True
73c99827-9e80-5d34-5df3-23ae2de25258,13602996-1496-472f-b7e7-098dece4ba39,KXETH15M-26JUN281430-30,YES,buy,1.0,0.44,0.44,0.56,0.44,0.0173,0.4573,2026-06-28T18:16:25.429105Z,,True
16b1b716-f247-7f9e-5234-dcc6df1c8bd9,e5b79b25-3e36-4f00-b088-ca77fcbda275,KXETH15M-26JUN281430-30,YES,buy,1.0,0.48,0.48,0.52,0.48,0.0175,0.4975,2026-06-28T18:16:14.52678Z,,True
d9fb3cbf-599f-5c45-e3ae-81c657ca707b,0b08436b-190e-448e-9b54-b23b0f971c8d,KXBTC15M-26JUN281430-30,YES,buy,1.0,0.56,0.56,0.44,0.56,0.0173,0.5773,2026-06-28T18:16:07.149616Z,,True
c4df2edf-6fc0-5a14-22f8-ca0625591fb5,df7d15ef-98b6-4794-a11a-54eaf4dd21dd,KXBTC15M-26JUN281430-30,YES,buy,1.0,0.53,0.53,0.47,0.53,0.0175,0.5475,2026-06-28T18:15:59.642404Z,,True
b73e07f9-7098-4a81-4315-128b6438c7aa,c8f4d80c-354f-4056-bf7f-75561d831cb9,KXDOGE15M-26JUN281415-15,YES,buy,1.0,0.6,0.6,0.4,0.6,0.0168,0.6168,2026-06-28T18:05:14.520522Z,,True
81caaee3-3df4-414c-579b-c45c688f0517,e6a55cdf-90e6-4351-bda9-c9c94012e5a8,KXXRP15M-26JUN281415-15,YES,buy,1.0,0.57,0.57,0.43,0.57,0.0172,0.5871999999999999,2026-06-28T18:05:13.179254Z,,True
fe22012c-d3fd-5295-c8a6-c970cd8ecfd4,ac3cbc84-9a38-456e-9f35-f88c5dbec097,KXDOGE15M-26JUN281415-15,YES,buy,1.0,0.46,0.46,0.54,0.46,0.0174,0.47740000000000005,2026-06-28T18:05:03.621328Z,,True
680723a0-d301-78f0-0831-6439427bebf6,7872a201-21b1-4eef-a66c-ddfe8fa80b02,KXDOGE15M-26JUN281415-15,YES,buy,1.0,0.38,0.38,0.62,0.38,0.0165,0.3965,2026-06-28T18:04:53.419087Z,,True
b17ed95d-ec65-4339-a49c-59c7536d3341,d7c4dfa1-3393-43e2-862f-45bf2fb02ddc,KXDOGE15M-26JUN281415-15,YES,buy,2.0,0.48,0.48,0.52,0.96,0.035,0.995,2026-06-28T18:04:45.791322Z,,True
d2afc613-0768-626c-b6ec-39da4e9ceb0d,bd20daaf-2c3b-4bf0-8ac5-20dbf9d74624,KXXRP15M-26JUN281415-15,YES,buy,1.0,0.54,0.54,0.46,0.54,0.0174,0.5574,2026-06-28T18:04:44.477021Z,,True
b43d73cb-e11a-7b1a-6bfb-b2a0dd195be5,16054926-0db5-4d18-b006-442cbc2691d4,KXBTC15M-26JUN281415-15,YES,buy,1.0,0.79,0.79,0.21,0.79,0.0117,0.8017000000000001,2026-06-28T18:04:43.185617Z,,True
a45e6708-d484-4aca-d7a5-cfe66c77f5c5,b2b954c0-4dee-429d-9f58-4c85a7c03703,KXETH15M-26JUN281415-15,YES,buy,1.0,0.67,0.67,0.33,0.67,0.0155,0.6855,2026-06-28T18:04:35.852606Z,,True
7b87ee83-1ed9-75fb-c184-81103270cba6,623c03f1-191f-4e2b-93ea-9d5a03653183,KXBTC15M-26JUN281415-15,YES,buy,1.0,0.74,0.74,0.26,0.74,0.0135,0.7535,2026-06-28T18:04:33.615984Z,,True
abe5f3e6-2b67-5026-b634-9fbbb86cc5f4,e914d5ea-875c-467c-8dd4-8a0c8d5d9702,KXXRP15M-26JUN281415-15,YES,buy,2.0,0.5,0.5,0.5,1.0,0.035,1.035,2026-06-28T18:04:31.087432Z,,True
72f143b0-b5de-5031-8ac8-313a07335162,4ef30473-3b4d-46ab-83dc-a67be7730fdb,KXETH15M-26JUN281415-15,YES,buy,2.0,0.7,0.7,0.3,1.4,0.0294,1.4294,2026-06-28T18:04:29.706831Z,,True
fa8645fd-3d68-54da-437f-cc7e14df7770,55b0f2b8-a358-4550-b652-552a0f6cea1e,KXBTC15M-26JUN281415-15,YES,buy,1.0,0.76,0.76,0.24,0.76,0.0128,0.7728,2026-06-28T18:04:28.330857Z,,True
3a5b68b9-5f81-5eee-6053-2ebcf769520f,7308eaeb-83b9-44f7-b57b-bd4028a34ce0,KXXRP15M-26JUN281045-45,YES,buy,1.0,0.38,0.38,0.62,0.38,0.0165,0.3965,2026-06-28T14:38:39.221406Z,,True
732a591c-7121-4b6e-6754-7e0514573881,071f036c-f64d-4380-b4c7-ad5dd3c42c0a,KXXRP15M-26JUN281045-45,YES,buy,1.0,0.34,0.34,0.66,0.34,0.0158,0.3558,2026-06-28T14:38:29.565724Z,,True
c815e8a6-f4c0-6916-7e64-d317d49e7f94,ff28ce3d-bac1-4976-b03d-ff478bb0419c,KXXRP15M-26JUN281045-45,YES,buy,1.0,0.29,0.29,0.71,0.29,0.0145,0.3045,2026-06-28T14:38:19.293641Z,,True
2509f6f6-5dfe-548d-3367-7b1bd049d4df,38c73267-d557-4771-a32f-784ace335092,KXXRP15M-26JUN281045-45,YES,buy,1.0,0.28,0.28,0.72,0.28,0.0142,0.2942,2026-06-28T14:38:09.005324Z,,True
8c68a9ff-46ed-45e9-d904-3857c3c8d057,444a2963-3659-4382-9086-453433d50a66,KXDOGE15M-26JUN281045-45,YES,buy,1.0,0.71,0.71,0.29,0.71,0.0145,0.7244999999999999,2026-06-28T14:33:35.407713Z,,True
7cbdcd8b-afa7-56d1-4d93-a60e606aa5af,3dc82b42-ae89-4754-bbf7-7a81ed130941,KXDOGE15M-26JUN281045-45,YES,buy,1.0,0.67,0.67,0.33,0.67,0.0155,0.6855,2026-06-28T14:33:33.309414Z,,True
528de40c-dd95-452b-bcfe-449bdf214924,5856cf12-85db-4203-8ecc-564559edc753,KXXRP15M-26JUN281045-45,YES,buy,1.0,0.67,0.67,0.33,0.67,0.0155,0.6855,2026-06-28T14:33:31.787294Z,,True
17ec7149-bef6-65d4-8605-79d5a758c95f,a7840c4b-38e0-493d-87e0-1665ccc57d19,KXETH15M-26JUN281045-45,YES,buy,1.0,0.69,0.69,0.31,0.69,0.015,0.705,2026-06-28T14:33:29.174678Z,,True
bff23a8a-daf5-6ba1-ff4e-9262655220ef,08ac8dbe-515f-4810-9914-efb95a73b648,KXDOGE15M-26JUN281045-45,YES,buy,1.0,0.66,0.66,0.34,0.66,0.0158,0.6758000000000001,2026-06-28T14:33:26.061758Z,,True
54c44361-3831-6bfb-b1c7-162de32766a8,99c4a6c9-fcb2-49b7-8d82-02e8d6ec4cb0,KXXRP15M-26JUN281045-45,YES,buy,1.0,0.67,0.67,0.33,0.67,0.0155,0.6855,2026-06-28T14:33:24.785051Z,,True
54239756-4432-652e-d890-f0b909f92ebf,894add59-d08d-48f8-911c-129b9bd7637d,KXSOL15M-26JUN281045-45,YES,buy,1.0,0.72,0.72,0.28,0.72,0.0142,0.7342,2026-06-28T14:33:23.538811Z,,True
6bbdc102-33c6-5d36-7b89-930595712162,7b9dc911-aacb-441f-bab1-3c202e1fbb8c,KXETH15M-26JUN281045-45,YES,buy,1.0,0.69,0.69,0.31,0.69,0.015,0.705,2026-06-28T14:33:22.281463Z,,True
16007419-1c2f-5557-d67c-efe84819e2b6,f1def329-2c5b-45ae-9af8-46906189198b,KXBTC15M-26JUN281045-45,YES,buy,1.0,0.65,0.65,0.35,0.65,0.016,0.666,2026-06-28T14:33:21.04129Z,,True
9cd81284-83d0-4d11-02e2-1660d259b0e0,867b4b2e-f34d-4043-ab21-e52002a2b0b7,KXETH15M-26JUN281030-30,YES,buy,1.0,0.67,0.67,0.33,0.67,0.0155,0.6855,2026-06-28T14:27:52.486429Z,,True
60dcb94c-4aee-680d-0186-9a9edf3da155,1d128f13-694d-495b-a708-499767fc936d,KXBTC15M-26JUN281030-30,YES,buy,1.0,0.44,0.44,0.56,0.44,0.0173,0.4573,2026-06-28T14:27:51.192955Z,,True
e471de33-2b1f-780c-9ad7-17a2cf973056,07b7a169-270e-4e76-85be-5fd240963b1b,KXETH15M-26JUN281030-30,YES,buy,1.0,0.69,0.69,0.31,0.69,0.015,0.705,2026-06-28T14:27:43.583841Z,,True
74ce05bf-5731-77e6-1c89-25a8421d084e,6d17ccb1-4348-4e9b-ad32-c0656a9632fa,KXBTC15M-26JUN281030-30,YES,buy,1.0,0.52,0.52,0.48,0.52,0.0175,0.5375,2026-06-28T14:27:42.202176Z,,True
5c805f6e-e805-4103-9c1c-88f03f92aab0,85e5b7fc-eb66-41c0-885d-5c626d2294da,KXETH15M-26JUN280500-00,YES,buy,1.0,0.51,0.51,0.49,0.51,0.0175,0.5275,2026-06-28T08:50:27.09804Z,,True
97996940-c286-66a2-53a5-512c12658f33,31de5828-1316-4ac0-b8b1-86272ac132b2,KXETH15M-26JUN280500-00,YES,buy,1.0,0.49,0.49,0.51,0.49,0.0175,0.5075,2026-06-28T08:50:07.117727Z,,True
6cbc76d6-d717-734f-7f6c-cdc959a1b439,b3e86f36-6a2d-4e2b-b84b-1102823e4eac,KXETH15M-26JUN280500-00,YES,buy,1.0,0.56,0.56,0.44,0.56,0.0173,0.5773,2026-06-28T08:49:57.453692Z,,True
44b63620-12fc-65e4-72b2-24789c53b724,0076e275-8075-4a16-bde0-3e842f6a887f,KXBTC15M-26JUN280500-00,YES,buy,1.0,0.39,0.39,0.61,0.39,0.0167,0.4067,2026-06-28T08:49:37.233653Z,,True
a9d62c55-75ba-78de-712c-bdb8536eda6f,f5d187ac-3b9a-4c82-be9b-0941954d4b4d,KXBTC15M-26JUN280500-00,YES,buy,1.0,0.5,0.5,0.5,0.5,0.0175,0.5175,2026-06-28T08:49:27.635722Z,,True
d3999f03-b5e2-6dcb-01a3-4c65a23d80f8,d710370b-0fe3-4908-a4e6-29e252e29c92,KXBTC15M-26JUN280430-30,YES,buy,1.0,0.42,0.42,0.58,0.42,0.0171,0.4371,2026-06-28T08:17:00.975584Z,,True
afed2db2-6592-40a6-781a-dd8a9672d82d,942b44bc-5ba2-42ae-b7d5-3fabcffb1792,KXDOGE15M-26JUN280430-30,YES,buy,1.0,0.52,0.52,0.48,0.52,0.0175,0.5375,2026-06-28T08:16:23.487286Z,,True
f173bd94-aa27-714f-4373-c98b622c9678,513a7134-546d-4e5f-b428-e6b5fb28be64,KXETH15M-26JUN280430-30,YES,buy,1.0,0.48,0.48,0.52,0.48,0.0175,0.4975,2026-06-28T08:16:22.192423Z,,True
c600306c-3c61-6e83-94ce-1174a581ec83,f4291082-768b-4a20-8277-d9895b8d65db,KXBTC15M-26JUN280430-30,YES,buy,0.1,0.41,0.41,0.59,0.041,0.0017,0.0427,2026-06-28T08:16:20.974831Z,,True
6793e5da-15eb-64be-8a5b-d8ed7b84feae,f4291082-768b-4a20-8277-d9895b8d65db,KXBTC15M-26JUN280430-30,YES,buy,0.9,0.41,0.41,0.59,0.369,0.0153,0.3843,2026-06-28T08:16:20.974831Z,,True
0cec171d-cc36-7ddf-0daa-fc612ad89e30,bf5801ba-1483-4d00-a7ed-4a58fff73383,KXDOGE15M-26JUN280430-30,YES,buy,1.0,0.62,0.62,0.38,0.62,0.0165,0.6365,2026-06-28T08:16:13.601295Z,,True
c21f306f-c41d-4ef0-0015-305452a63ef5,8a7971f9-fc0f-4390-ae60-be6c7f378144,KXXRP15M-26JUN280430-30,YES,buy,1.0,0.58,0.58,0.42,0.58,0.0171,0.5971,2026-06-28T08:16:12.351006Z,,True
02106400-c05a-4fd6-741b-44f56e5c3110,c94f3a40-4990-42b1-b22a-894f4fd7104b,KXBTC15M-26JUN280430-30,YES,buy,1.0,0.46,0.46,0.54,0.46,0.0174,0.47740000000000005,2026-06-28T08:16:10.954043Z,,True
0fd73ebc-e6b1-4692-e313-522147c3932a,81a4e1d4-a058-40ff-9023-62035b54e40e,KXDOGE15M-26JUN280430-30,YES,buy,1.0,0.56,0.56,0.44,0.56,0.0173,0.5773,2026-06-28T08:16:04.112312Z,,True
a9a90409-6967-528a-0e98-aa48f467d09c,bb1ca23e-88bf-4678-aefe-23fefb2df6d6,KXXRP15M-26JUN280430-30,YES,buy,1.0,0.53,0.53,0.47,0.53,0.0175,0.5475,2026-06-28T08:16:02.876063Z,,True
8b1f71f7-d829-6051-ad64-76ef0a4fac21,3c08a236-33f4-4bb2-8e03-2b777d583bf5,KXBTC15M-26JUN280430-30,YES,buy,1.0,0.44,0.44,0.56,0.44,0.0173,0.4573,2026-06-28T08:16:01.574098Z,,True
421384e5-d9d9-73ac-abe6-a8889849985b,e61f97f2-9114-4cc1-85e8-d6d87aa6012d,KXDOGE15M-26JUN280415-15,YES,buy,1.0,0.69,0.69,0.31,0.69,0.015,0.705,2026-06-28T08:04:56.594874Z,,True
c5f336c0-f8c0-560d-7601-b674e9c22933,385e8f6c-3e22-4796-bb7d-58b186ca746d,KXBTC15M-26JUN280415-15,YES,buy,1.0,0.59,0.59,0.41,0.59,0.017,0.607,2026-06-28T08:04:55.281963Z,,True
c2e80507-fd7c-656f-6bf7-8fe98a76a135,58cd303f-652b-48a5-b5c1-73ede7313e3f,KXDOGE15M-26JUN280415-15,YES,buy,1.0,0.69,0.69,0.31,0.69,0.015,0.705,2026-06-28T08:04:48.239584Z,,True
d44da1e2-67f7-5b70-8e8f-ec1c1336a636,9313a635-8656-45c9-86e9-e7c0326ae131,KXXRP15M-26JUN280415-15,YES,buy,1.0,0.83,0.83,0.17,0.83,0.0099,0.8399,2026-06-28T08:04:47.000265Z,,True
6fbd5a7c-7dfb-414a-4d50-7fbcea28c7ee,9bfc2986-da5e-40dd-b6e8-1d07c3a98902,KXBTC15M-26JUN280415-15,YES,buy,1.0,0.6,0.6,0.4,0.6,0.0168,0.6168,2026-06-28T08:04:45.334892Z,,True
c8adf3a0-80cf-4380-e264-db13bb594d5c,d2c429c2-4353-430f-9eb6-2675cf2e5246,KXDOGE15M-26JUN280415-15,YES,buy,1.0,0.65,0.65,0.35,0.65,0.016,0.666,2026-06-28T08:04:38.417787Z,,True
b731090b-a8df-74de-ca11-140a9d905ff6,c910f138-d165-4f3c-9322-e91d3e23607c,KXXRP15M-26JUN280415-15,YES,buy,1.0,0.77,0.77,0.23,0.77,0.0124,0.7824,2026-06-28T08:04:37.154263Z,,True
5b1ed94e-2286-484a-fba7-17b77b5c5731,cf339d8e-269c-4000-9cec-38fee3a405b2,KXBTC15M-26JUN280415-15,YES,buy,1.0,0.59,0.59,0.41,0.59,0.017,0.607,2026-06-28T08:04:35.855122Z,,True
5a6697a8-66f3-4215-d402-502646adeda8,76bf966e-3bca-40be-9b05-b9a0826a1fe6,KXDOGE15M-26JUN280415-15,YES,buy,1.0,0.76,0.76,0.24,0.76,0.0128,0.7728,2026-06-28T08:02:47.183016Z,,True
e182a09e-4923-6235-f1f8-11a08615013c,98469ba3-b03e-48b6-927b-29c1324424c3,KXDOGE15M-26JUN280415-15,YES,buy,1.0,0.76,0.76,0.24,0.76,0.0128,0.7728,2026-06-28T08:02:39.688378Z,,True
34032f55-21d8-78cd-07a2-fd63b09a1d6b,87cc39c9-d674-4d1d-af7c-f0ab491d9e42,KXXRP15M-26JUN280415-15,YES,buy,1.0,0.78,0.78,0.22,0.78,0.0121,0.7921,2026-06-28T08:02:38.374103Z,,True
1ef5f17e-191c-7aee-64e6-5579bc9119ad,a7097001-2e64-4dfc-bc49-3ca1675e961a,KXSOL15M-26JUN280415-15,YES,buy,1.0,0.92,0.92,0.08,0.92,0.0052,0.9252,2026-06-28T08:02:37.134528Z,,True
03abcbe2-9285-7475-ad85-f97cb38a5833,56dffbde-19b0-4dcf-87b1-8d36f759ef37,KXXRP15M-26JUN280415-15,YES,buy,1.0,0.74,0.74,0.26,0.74,0.0135,0.7535,2026-06-28T08:02:27.188186Z,,True
33560aab-cd36-5804-0a18-94d54fda6b8c,ab6658e0-1247-44db-a1c4-390d10339e73,KXXRP15M-26JUN280415-15,YES,buy,1.0,0.82,0.82,0.18,0.82,0.0104,0.8303999999999999,2026-06-28T08:02:19.760821Z,,True
15dae173-7c8e-7355-55ae-f9987ca6fc55,13869e17-50e6-4c7f-bcbe-7c0429bf3878,KXETH15M-26JUN280415-15,YES,buy,1.0,0.84,0.84,0.16,0.84,0.0095,0.8494999999999999,2026-06-28T08:02:18.453713Z,,True
19fcd710-9e28-720a-2522-a7c0b4fb5173,83c9e317-accb-4c04-a4e7-ee3f1bf6c9f1,KXBTC15M-26JUN280415-15,YES,buy,1.0,0.79,0.79,0.21,0.79,0.0117,0.8017000000000001,2026-06-28T08:02:17.215953Z,,True
26d81b1d-ef82-7244-6beb-c2312b64473c,6e05dc8d-9aea-4e4b-b9b8-ecb4091c155f,KXXRP15M-26JUN280415-15,YES,buy,1.0,0.81,0.81,0.19,0.81,0.0108,0.8208000000000001,2026-06-28T08:02:09.880066Z,,True
b30a283e-3da4-4eb8-c173-782fc79b2645,ecf74a1b-68cf-42f0-9bff-4ad9b8ad33cc,KXETH15M-26JUN280415-15,YES,buy,1.0,0.82,0.82,0.18,0.82,0.0104,0.8303999999999999,2026-06-28T08:02:08.613826Z,,True
cd32ec1d-1322-4ece-6b53-f04f859dbe0d,7e5db053-b591-40c8-bbb6-042969328c56,KXBTC15M-26JUN280415-15,YES,buy,0.9,0.78,0.78,0.22,0.7020000000000001,0.0109,0.7129000000000001,2026-06-28T08:02:07.255795Z,,True
92cd0566-cd63-43f2-761b-14be389d3008,7e5db053-b591-40c8-bbb6-042969328c56,KXBTC15M-26JUN280415-15,YES,buy,0.1,0.78,0.78,0.22,0.07800000000000001,0.0013,0.07930000000000001,2026-06-28T08:02:07.255795Z,,True
3c1f115b-864d-72dd-9cef-f9e23e4a014e,d692e52e-b5c4-4e20-8b5c-1c1cc6ec1c99,KXBTC15M-26JUN280415-15,YES,buy,1.0,0.82,0.82,0.18,0.82,0.0104,0.8303999999999999,2026-06-28T08:01:57.694435Z,,True
7b632214-e997-7be5-1933-412f34fd9c59,7d8bb3af-aa60-4f17-a47b-30a459064cf2,KXBTC15M-26JUN280400-00,YES,buy,1.0,0.45,0.45,0.55,0.45,0.0174,0.46740000000000004,2026-06-28T07:56:56.072467Z,,True
1f70058a-d7fb-7196-9661-7946fddbf1b1,7a3348ae-aca7-4cd9-8f68-c8439020d024,KXBTC15M-26JUN280400-00,YES,buy,1.0,0.43,0.43,0.57,0.43,0.0172,0.4472,2026-06-28T07:56:46.060728Z,,True
b08d9ca0-e383-50ef-f49e-234df54384d9,02e688b6-c41d-448b-9a2f-89b5f1976471,KXDOGE15M-26JUN280400-00,YES,buy,1.0,0.75,0.75,0.25,0.75,0.0132,0.7632,2026-06-28T07:56:38.674977Z,,True
9e66c751-f901-5831-692b-e85eac3c305f,d9ff2604-4e61-46e4-b5bd-395518609716,KXETH15M-26JUN280400-00,YES,buy,1.0,0.81,0.81,0.19,0.81,0.0108,0.8208000000000001,2026-06-28T07:56:37.32364Z,,True
e39a665f-83dc-78b2-8626-ebe26a6f76d5,8d1a9adc-7aef-4d99-8dc1-d215796e1642,KXBTC15M-26JUN280400-00,YES,buy,1.0,0.45,0.45,0.55,0.45,0.0174,0.46740000000000004,2026-06-28T07:56:36.057398Z,,True
d71f7f2e-e950-5d35-14ad-64ce305594a3,1ae4f58d-05b3-4408-a8cf-8649f9f17c56,KXDOGE15M-26JUN280400-00,YES,buy,1.0,0.73,0.73,0.27,0.73,0.0138,0.7438,2026-06-28T07:56:27.739358Z,,True
ef64b72f-35c0-436d-a223-fbd23d21dba5,39034ea6-5efd-41c6-850b-2edfead41751,KXBTC15M-26JUN280400-00,YES,buy,1.0,0.47,0.47,0.53,0.47,0.0175,0.4875,2026-06-28T07:56:26.304167Z,,True
cc903260-81bd-4e6e-e281-7afad3cd0673,6c3ee9c9-49e5-42f6-9d38-b9e9a7f4b8f3,KXDOGE15M-26JUN280400-00,YES,buy,1.0,0.81,0.81,0.19,0.81,0.0108,0.8208000000000001,2026-06-28T07:56:18.756781Z,,True
afc807c8-8f4f-6de1-cd2c-dfdf3d6c2dc1,96fe7cf1-78ac-490c-998d-ca82f1e68a9d,KXXRP15M-26JUN280400-00,YES,buy,1.0,0.45,0.45,0.55,0.45,0.0174,0.46740000000000004,2026-06-28T07:56:17.483022Z,,True
dd8f22d6-a471-7547-8df3-d2c3f38b101b,20665e90-33cd-4f40-81a7-10ca4861c009,KXETH15M-26JUN280400-00,YES,buy,1.0,0.76,0.76,0.24,0.76,0.0128,0.7728,2026-06-28T07:56:16.17873Z,,True
f511c146-ed40-70f7-9ea4-9d5f65f39e1c,7ce13080-486e-4c97-8db7-51a9ac594574,KXXRP15M-26JUN280400-00,YES,buy,1.0,0.47,0.47,0.53,0.47,0.0175,0.4875,2026-06-28T07:56:10.743396Z,,True
5c80f7f8-cc68-5f92-7502-74c60436e805,3be2e5a6-8ba5-4515-b15e-5df2b768e141,KXDOGE15M-26JUN280400-00,YES,buy,1.0,0.69,0.69,0.31,0.69,0.015,0.705,2026-06-28T07:56:06.094916Z,,True
75f8e537-c77c-645d-83e5-25fdfc397072,c1437cfc-5051-4a6c-8f24-d94fd885a39e,KXDOGE15M-26JUN280400-00,YES,buy,1.0,0.58,0.58,0.42,0.58,0.0171,0.5971,2026-06-28T07:55:56.634034Z,,True
4a76fca2-e56c-4e1a-4ef8-df1c0e508485,9a85191f-cc1d-4504-b034-6507046ca0e5,KXSOL15M-26JUN280400-00,YES,buy,1.0,0.95,0.95,0.05,0.95,0.0,0.95,2026-06-28T07:54:33.796717Z,,False
e6ca8b43-29f4-6857-e1f8-300d1644fdc8,e5f25314-d586-4a1f-9a7a-e8dae236b5f8,KXBTC15M-26JUN280400-00,YES,buy,1.0,0.45,0.45,0.55,0.45,0.0174,0.46740000000000004,2026-06-28T07:54:20.63727Z,,True
5e921321-b562-4555-e43c-6e18af925ddd,f05bcd82-9a15-43b8-952a-14367429bd8a,KXSOL15M-26JUN280400-00,YES,buy,1.0,0.926,0.926,0.074,0.926,0.0048,0.9308000000000001,2026-06-28T07:54:12.492548Z,,True
85d11e99-303a-7ccf-a1af-bbe28e690b43,73f64b1c-f241-4cf8-8218-86c7511b61a6,KXBTC15M-26JUN280400-00,YES,buy,1.0,0.44,0.44,0.56,0.44,0.0173,0.4573,2026-06-28T07:54:11.218674Z,,True
55880431-28dd-500e-6c15-3ce0909f95f4,4e4b3363-4075-44c2-b57d-8b47b9f8a484,KXBTC15M-26JUN272200-00,YES,buy,1.0,0.013,0.013,0.987,0.013,0.0009,0.0139,2026-06-28T01:58:12.473372Z,,True
041b1374-492c-6fac-7841-42e4c4a51342,54874be7-3bfe-4b1f-b698-945b67a3761d,KXBTC15M-26JUN272145-45,YES,buy,1.0,0.71,0.71,0.29,0.71,0.0145,0.7244999999999999,2026-06-28T01:34:11.855591Z,,True
1c247a65-4f37-75b7-854b-7635aae116eb,f4af85dd-e7a5-4dd3-8622-ee4885e94b29,KXDOGE15M-26JUN272145-45,YES,buy,1.0,0.71,0.71,0.29,0.71,0.0145,0.7244999999999999,2026-06-28T01:34:10.438335Z,,True
70fe10de-a871-6eab-9fe8-8417b7f76667,89932e33-dc77-4859-8c67-df8c6b0ed0ed,KXXRP15M-26JUN272145-45,YES,buy,1.0,0.68,0.68,0.32,0.68,0.0153,0.6953,2026-06-28T01:34:09.196173Z,,True
103feaa4-61bd-6903-ab6e-6a807245f2f7,5d59754d-50c5-4b7d-8b7e-5ecc0aeba1ce,KXETH15M-26JUN272145-45,YES,buy,1.0,0.61,0.61,0.39,0.61,0.0167,0.6267,2026-06-28T01:34:07.91628Z,,True
8e15c6be-53f6-7d97-5b35-e719608359b0,31ba6f76-3ff7-46b1-846d-d26d839b0e00,KXBTC15M-26JUN272030-30,NO,sell,1.0,0.07,0.93,0.07,0.07,0.0,0.07,2026-06-28T00:25:54.744134Z,,False
ccfe5aa4-cf91-5838-40b9-caa90b68eed2,dbd7bcc0-2878-418a-b1fd-6bfc1992365a,KXXRP15M-26JUN272015-15,NO,sell,1.0,0.14,0.86,0.14,0.14,0.0,0.14,2026-06-28T00:07:46.580089Z,,False
917faf24-6ccf-6ad2-b103-ab85c620e7ef,70ef9239-ef9e-47a0-aca7-75de6dd9610b,KXBTC15M-26JUN272015-15,NO,sell,1.0,0.1,0.9,0.1,0.1,0.0,0.1,2026-06-28T00:07:29.834596Z,,False
0a0ab252-2423-63cf-07e4-5732e82a34de,ff161102-7f16-48e7-ae61-a10e0702d0ca,KXXRP15M-26JUN272015-15,YES,buy,1.0,0.75,0.75,0.25,0.75,0.0132,0.7632,2026-06-28T00:01:29.891229Z,,True
9e3ed2eb-a8c3-77ad-fa71-a06576426e6f,07f05e86-9774-4e2a-9ca5-773c03ecc421,KXETH15M-26JUN272015-15,YES,buy,1.0,0.59,0.59,0.41,0.59,0.017,0.607,2026-06-28T00:01:28.610632Z,,True
9ffb231d-a680-71a9-8e3c-63ae929cc318,2408bb30-38bc-4d94-8247-07ef7fd961ca,KXETH15M-26JUN271815-15,YES,buy,1.0,0.002,0.002,0.998,0.002,0.0002,0.0022,2026-06-27T22:14:35.311414Z,,True
2adfa299-4585-6a6b-aacf-5463dd2e43b2,f5f5a8fb-dd53-4b75-8663-d22732d371ef,KXDOGE15M-26JUN271815-15,YES,buy,1.0,0.12,0.12,0.88,0.12,0.0074,0.12739999999999999,2026-06-27T22:12:58.971414Z,,True
dee0d9eb-7481-6f7f-bd1e-0ef8a020da6d,f9835df4-fb38-4aa0-8247-ee02df500bf7,KXXRP15M-26JUN271815-15,YES,buy,1.0,0.016,0.016,0.984,0.016,0.0012,0.0172,2026-06-27T22:12:53.455779Z,,True
18fca85a-61d0-5939-1b22-8a78a56ec790,b2dc3feb-d9f3-44b9-a106-2056658cd903,KXBTC15M-26JUN271815-15,YES,buy,1.0,0.013,0.013,0.987,0.013,0.0009,0.0139,2026-06-27T22:12:32.252456Z,,True
6c2ed016-780d-6ae3-591f-c5fc3d6d7985,bb475973-f553-49f5-b8eb-76e2638e247d,KXDOGE15M-26JUN271815-15,YES,buy,1.0,0.34,0.34,0.66,0.34,0.0158,0.3558,2026-06-27T22:11:56.652025Z,,True
4e377004-57ca-59c2-7d47-c93b171449f1,d714977e-201f-4716-b47a-10f1bdbbd2af,KXXRP15M-26JUN271815-15,YES,buy,1.0,0.039,0.039,0.961,0.039,0.0027,0.0417,2026-06-27T22:11:51.13352Z,,True
0f16798d-0777-4720-dcfc-f1c8075d248a,1c03125a-c2a4-42f7-96a4-dbb26c0caef1,KXSOL15M-26JUN271815-15,YES,buy,1.0,0.029,0.029,0.971,0.029,0.002,0.031,2026-06-27T22:11:45.877389Z,,True
f0d48049-f770-61b1-820e-1964af3b0edb,dd349fb4-bb44-4833-8bde-b8880f77410b,KXETH15M-26JUN271815-15,YES,buy,1.0,0.31,0.31,0.69,0.31,0.015,0.325,2026-06-27T22:11:35.216438Z,,True
7a3aa2ec-02f2-7d8a-9d58-db5f0964fc81,272ca31e-9ac4-4c06-836e-58f403486272,KXBTC15M-26JUN271815-15,YES,buy,1.0,0.033,0.033,0.967,0.033,0.0023,0.0353,2026-06-27T22:11:29.869645Z,,True
ee5cd7d4-e8ca-6ad6-64d2-b5339ca801fd,faab6878-e28b-4604-b809-2acd1566d8d5,KXETH15M-26JUN271815-15,NO,sell,1.0,0.32,0.68,0.32,0.32,0.0,0.32,2026-06-27T22:11:09.166814Z,,False
5b6a6326-5872-765d-12ad-7829b30ee0a8,9ade274a-50a7-4fa8-a9c7-4eb0a0e8d094,KXDOGE15M-26JUN271815-15,YES,buy,1.0,0.17,0.17,0.83,0.17,0.0099,0.1799,2026-06-27T22:09:51.31224Z,,True
bb29e8d3-e105-6dcf-8fac-7ab5fab9202f,cb89198f-6b4d-49f1-857a-6dc97016a864,KXXRP15M-26JUN271815-15,YES,buy,1.0,0.069,0.069,0.931,0.069,0.0045,0.07350000000000001,2026-06-27T22:09:45.827173Z,,True
4cbf9cda-3a01-7d77-3fb7-2f537e65a22c,b1e8e167-9bf0-4d2b-aeb7-ad567b23f3a0,KXSOL15M-26JUN271815-15,YES,buy,1.0,0.027,0.027,0.973,0.027,0.0019,0.0289,2026-06-27T22:09:40.5528Z,,True
c91f7197-ceff-6d61-ae8a-d11ecc6c20db,13796731-2717-48b9-8bee-e567f705ac0d,KXETH15M-26JUN271815-15,YES,buy,1.0,0.65,0.65,0.35,0.65,0.016,0.666,2026-06-27T22:09:29.821454Z,,True
a3349313-b774-7014-6402-da633d982cf7,eb41de6c-0079-4ef2-b75b-7f11050a428f,KXETH15M-26JUN271815-15,NO,sell,1.0,0.33,0.67,0.33,0.33,0.0,0.33,2026-06-27T22:09:26.228566Z,,False
5952036c-cb36-7da7-7d9f-7a83e22b975a,11274e13-7c3b-4341-aec6-dff1dab9f922,KXETH15M-26JUN271815-15,NO,sell,1.0,0.35,0.65,0.35,0.35,0.0,0.35,2026-06-27T22:09:26.228566Z,,False
3cd2399a-b327-7a1f-536a-f220cb55d502,74a774e5-042a-44f9-8033-5752f3c7bb7a,KXETH15M-26JUN271815-15,NO,sell,1.0,0.35,0.65,0.35,0.35,0.0,0.35,2026-06-27T22:09:26.228566Z,,False
c8dc666c-aaf3-543f-7e4e-ef2f7c601737,9ac105d9-484e-45d9-b67d-2579d59155eb,KXETH15M-26JUN271815-15,NO,sell,1.0,0.36,0.64,0.36,0.36,0.0,0.36,2026-06-27T22:09:26.219067Z,,False
c12f3e64-7143-5bc3-0176-1d55d33d2aff,ffce8e3b-c89a-4624-a9d0-2ec0e0f6d87a,KXBTC15M-26JUN271815-15,YES,buy,1.0,0.1,0.1,0.9,0.1,0.0063,0.1063,2026-06-27T22:09:24.553064Z,,True
38decc62-2be5-5877-7212-2462fd1f22ad,f7e59d6b-d80b-4506-be2d-505885b00fe7,KXDOGE15M-26JUN271815-15,YES,buy,1.0,0.36,0.36,0.64,0.36,0.0162,0.3762,2026-06-27T22:08:48.791119Z,,True
ca776fed-6d19-57ce-37a5-a0b02ef78868,f1b7708a-389b-47f8-a71a-c97174ccd259,KXDOGE15M-26JUN271815-15,YES,buy,1.0,0.37,0.37,0.63,0.37,0.0164,0.3864,2026-06-27T22:07:46.215481Z,,True
323b5247-07a8-7dc2-3abf-ffa534c723cf,06c85a1e-5d64-4e63-a7a1-707a5e9388c2,KXXRP15M-26JUN271815-15,YES,buy,1.0,0.11,0.11,0.89,0.11,0.0069,0.1169,2026-06-27T22:07:40.712263Z,,True
19abd457-ce87-6be7-c2ab-cecebc102753,5f2d7018-4a4e-49bd-9bfd-4ff46f30f65b,KXETH15M-26JUN271815-15,YES,buy,1.0,0.44,0.44,0.56,0.44,0.0173,0.4573,2026-06-27T22:07:24.767576Z,,True
6474a5cc-652f-4be0-afe8-29a187667e10,80b4f163-20b2-42cf-8677-be53dbe0c0bd,KXBTC15M-26JUN271815-15,YES,buy,1.0,0.15,0.15,0.85,0.15,0.009,0.159,2026-06-27T22:07:19.496541Z,,True
a678474a-b7ce-645c-63a6-f5f77d0f8a73,71b17b83-775c-4b11-be95-985b516234ef,KXDOGE15M-26JUN271815-15,YES,buy,1.0,0.4,0.4,0.6,0.4,0.0168,0.4168,2026-06-27T22:06:43.896677Z,,True
3db3cd86-71b9-607d-73c2-da9ac9d40271,12d9f169-022c-4b52-bd89-33ad37395465,KXSOL15M-26JUN271815-15,YES,buy,1.0,0.13,0.13,0.87,0.13,0.008,0.138,2026-06-27T22:06:33.09221Z,,True
3f3e9012-81a6-5852-dfe1-1a4372d9e05c,483f819d-66af-45c5-9e28-6008114386fd,KXDOGE15M-26JUN271815-15,YES,buy,1.0,0.21,0.21,0.79,0.21,0.0117,0.22169999999999998,2026-06-27T22:05:41.371349Z,,True
4618e2c5-fbc6-693a-7ca1-c567b13d96cb,f505319e-c281-4a88-b6a6-39f4a31c51f7,KXXRP15M-26JUN271815-15,YES,buy,1.0,0.065,0.065,0.935,0.065,0.0043,0.0693,2026-06-27T22:05:35.902923Z,,True
effd8cdb-067b-5b16-5006-cd6cdc2e845e,de045d15-79a7-45ac-becf-4e422dc0953f,KXSOL15M-26JUN271815-15,YES,buy,1.0,0.083,0.083,0.917,0.083,0.0054,0.0884,2026-06-27T22:05:30.617709Z,,True
90725a9f-1ed8-7b19-56e6-f00e9819bfd7,817c42b7-bd48-4c94-bed0-c3479fda2c60,KXETH15M-26JUN271815-15,YES,buy,1.0,0.29,0.29,0.71,0.29,0.0145,0.3045,2026-06-27T22:05:19.754008Z,,True
b43fcc8d-7aa6-4b2d-6bf8-dbbd6b285069,98ea5af8-a465-43cd-b629-e49bebb7c1c6,KXBTC15M-26JUN271815-15,YES,buy,0.1,0.15,0.15,0.85,0.015,0.0009,0.0159,2026-06-27T22:05:14.492095Z,,True
6d0d3ea5-f1ac-4d74-53d2-10e6eea8c4d4,98ea5af8-a465-43cd-b629-e49bebb7c1c6,KXBTC15M-26JUN271815-15,YES,buy,0.9,0.15,0.15,0.85,0.135,0.0081,0.1431,2026-06-27T22:05:14.492095Z,,True
0eb1f1f2-e90e-6c3a-c02f-cb453ee0958c,d9e74656-2898-4912-9b60-a3e5db21d82b,KXXRP15M-26JUN271815-15,YES,buy,1.0,0.12,0.12,0.88,0.12,0.0074,0.12739999999999999,2026-06-27T22:04:33.811119Z,,True
7563f550-93fd-58c4-aa05-4214d410819b,79df7521-f323-44a5-808f-249b2cadfd06,KXSOL15M-26JUN271815-15,YES,buy,1.0,0.099,0.099,0.901,0.099,0.0063,0.1053,2026-06-27T22:04:28.538663Z,,True
99179698-cf95-5d68-9c34-5d1094baa7fe,ca7f3c8f-110c-44f4-8b80-bdabc59d4d52,KXDOGE15M-26JUN271815-15,YES,buy,1.0,0.28,0.28,0.72,0.28,0.0142,0.2942,2026-06-27T22:03:20.331581Z,,True
6a4a0d34-546a-6000-c957-106f490ff0ba,f9eed81e-d130-484b-9e35-47c68e374560,KXETH15M-26JUN271815-15,YES,buy,1.0,0.34,0.34,0.66,0.34,0.0158,0.3558,2026-06-27T22:03:15.036183Z,,True
f68d8bf5-c66a-65be-3849-6c95c52a487c,6c0af635-e4f0-48c7-a0d5-daafa885e075,KXBTC15M-26JUN271815-15,YES,buy,1.0,0.21,0.21,0.79,0.21,0.0117,0.22169999999999998,2026-06-27T22:03:09.797391Z,,True
ce0ffe53-3096-4973-f523-fbab644399bb,747a8463-6ef1-4042-9cf9-f64a00fb91a2,KXXRP15M-26JUN271815-15,YES,buy,1.0,0.38,0.38,0.62,0.38,0.0165,0.3965,2026-06-27T22:02:28.711843Z,,True
a2ec5e8f-876b-5628-c0a6-acc65ec0f431,744c7a7a-54c7-47f6-9dae-275b549d95f6,KXSOL15M-26JUN271815-15,YES,buy,1.0,0.24,0.24,0.76,0.24,0.0128,0.25279999999999997,2026-06-27T22:02:23.052212Z,,True
b84a7a6b-4cab-5e2d-3782-0eee9045ebc9,2746e5f3-985e-46fd-a7cf-11ef643582de,KXDOGE15M-26JUN271815-15,YES,buy,1.0,0.45,0.45,0.55,0.45,0.0174,0.46740000000000004,2026-06-27T22:02:17.33812Z,,True
b3c782ca-4ab1-6c14-9bdf-d04bd0e8f116,d6431a81-3ef1-4b0a-8fce-0e56b58c7cdc,KXETH15M-26JUN271815-15,YES,buy,1.0,0.54,0.54,0.46,0.54,0.0174,0.5574,2026-06-27T22:02:12.05197Z,,True
e4d4c5c3-599c-7e0c-1d2b-375a7809f336,fa553623-bd1d-4e78-a8d7-c31417c0addf,KXBTC15M-26JUN271815-15,YES,buy,1.0,0.35,0.35,0.65,0.35,0.016,0.366,2026-06-27T22:02:06.718761Z,,True
3714baea-2a86-5dde-0826-a2eb952ff011,d7e12460-a007-4d10-9b0e-de082df96fa1,KXDOGE15M-26JUN271800-00,NO,sell,1.0,0.35,0.65,0.35,0.35,0.0,0.35,2026-06-27T21:58:55.133577Z,,False
5131bcc3-63f8-63b4-3761-25774040b3b8,7947a52a-8e80-4bda-af81-b2d9eba97088,KXDOGE15M-26JUN271800-00,YES,buy,1.0,0.5,0.5,0.5,0.5,0.0175,0.5175,2026-06-27T21:58:12.22556Z,,True
762f9b7a-6d94-7f13-3001-683ba301567b,214bf9f2-9045-4fbb-a1d3-2d18671ea538,KXXRP15M-26JUN271800-00,YES,buy,1.0,0.41,0.41,0.59,0.41,0.017,0.427,2026-06-27T21:58:06.896996Z,,True
8a42fd5a-b78b-6f5a-6bed-3c4307e22148,c5a4dbbd-5c2c-49b9-b22f-b968731a9896,KXSOL15M-26JUN271800-00,YES,buy,1.0,0.019,0.019,0.981,0.019,0.0014,0.020399999999999998,2026-06-27T21:58:01.63248Z,,True
0fc1468b-e58c-7e5e-668a-d370246f2f5f,220ee728-4fda-4dad-b10e-301d011eb294,KXBTC15M-26JUN271800-00,YES,buy,1.0,0.015,0.015,0.985,0.015,0.0011,0.0161,2026-06-27T21:57:56.25706Z,,True
490bf786-d332-6e4a-7890-eac4be086cb3,5e7278e3-82c2-4895-bc71-ba0ceafd7fe1,KXDOGE15M-26JUN271800-00,YES,buy,1.0,0.45,0.45,0.55,0.45,0.0174,0.46740000000000004,2026-06-27T21:56:12.926123Z,,True
a2d323b4-9dd8-5272-049c-5ffbcc0deab0,8d1f3081-8496-442c-a7db-c46e45672526,KXXRP15M-26JUN271800-00,YES,buy,1.0,0.35,0.35,0.65,0.35,0.016,0.366,2026-06-27T21:56:07.652179Z,,True
d6a729ab-762e-49e1-a58d-d389abb2c616,a5ca76a3-f4a3-41e8-8335-1b9972ebaf33,KXBTC15M-26JUN271800-00,YES,buy,1.0,0.17,0.17,0.83,0.17,0.0099,0.1799,2026-06-27T21:55:51.798321Z,,True
